"tournamentMode","strategyName","pointsForStrategy","nbTurnTheoric","nbTurnReal","populationSize","nbPersonForStrategy","nbPointByPersonByStrategy","nbPointRatio"
"ELIMINATION","CycliqueTendanceFetard","18","10","10","4","1","18,0","1,8"
"ELIMINATION","Lunatique","28","10","10","4","2","14,0","1,4"
"ELIMINATION","HardJoss","16","10","10","4","1","16,0","1,6"
"ELIMINATION","EasyGo","72","20","20","4","2","36,0","1,8"
"ELIMINATION","Pavlovien","35","20","20","4","1","35,0","1,75"
"ELIMINATION","SondeurFou","35","20","20","4","1","35,0","1,75"
"ELIMINATION","EasyGo","174","30","30","4","3","58,0","1,9333333333333333"
"ELIMINATION","Fetard","58","30","30","4","1","58,0","1,9333333333333333"
"ELIMINATION","Fetard","156","40","40","4","2","78,0","1,95"
"ELIMINATION","CycliqueTendanceFetard","78","40","40","4","1","78,0","1,95"
"ELIMINATION","EasyGo","78","40","40","4","1","78,0","1,95"
"ELIMINATION","Fetard","276","50","50","4","3","92,0","1,84"
"ELIMINATION","EasyGo","92","50","50","4","1","92,0","1,84"
"ELIMINATION","CycliqueTendanceFetard","342","60","60","4","3","114,0","1,9"
"ELIMINATION","EasyGo","114","60","60","4","1","114,0","1,9"
"ELIMINATION","Fetard","414","70","70","4","3","138,0","1,9714285714285715"
"ELIMINATION","EasyGo","138","70","70","4","1","138,0","1,9714285714285715"
"ELIMINATION","CycliqueTendanceFetard","158","80","80","4","1","158,0","1,975"
"ELIMINATION","Fetard","158","80","80","4","1","158,0","1,975"
"ELIMINATION","EasyGo","316","80","80","4","2","158,0","1,975"
"ELIMINATION","EasyGo","344","90","90","4","2","172,0","1,9111111111111112"
"ELIMINATION","Fetard","344","90","90","4","2","172,0","1,9111111111111112"
"ELIMINATION","Fetard","576","100","100","4","3","192,0","1,92"
"ELIMINATION","EasyGo","192","100","100","4","1","192,0","1,92"
"COPIE","Lunatique","39","10","10","10","3","13,0","1,3"
"COPIE","SondeurFou","44","10","10","10","3","14,666666666666666","1,4666666666666666"
"COPIE","HardJoss","31","10","10","10","2","15,5","1,55"
"COPIE","Casanier","10","10","10","10","1","10,0","1,0"
"COPIE","MajorMou","13","10","10","10","1","13,0","1,3"
"COPIE","Fetard","63","20","20","20","3","21,0","1,05"
"COPIE","Lunatique","57","20","20","20","3","19,0","0,95"
"COPIE","CycliqueTendanceFetard","19","20","20","20","1","19,0","0,95"
"COPIE","Mefiant","57","20","20","20","3","19,0","0,95"
"COPIE","MajorMou","38","20","20","20","2","19,0","0,95"
"COPIE","HardJoss","20","20","20","20","1","20,0","1,0"
"COPIE","CycliqueTendanceCasanier","39","20","20","20","2","19,5","0,975"
"COPIE","Rancunier","40","20","20","20","2","20,0","1,0"
"COPIE","EasyGo","22","20","20","20","1","22,0","1,1"
"COPIE","SondeurIntelligent","21","20","20","20","1","21,0","1,05"
"COPIE","Pavlovien","21","20","20","20","1","21,0","1,05"
"COPIE","Fetard","238","30","30","30","8","29,75","0,9916666666666667"
"COPIE","SondeurFou","62","30","30","30","2","31,0","1,0333333333333334"
"COPIE","EasyGo","120","30","30","30","4","30,0","1,0"
"COPIE","HardJoss","28","30","30","30","1","28,0","0,9333333333333333"
"COPIE","Lunatique","53","30","30","30","2","26,5","0,8833333333333333"
"COPIE","Pavlovien","93","30","30","30","3","31,0","1,0333333333333334"
"COPIE","CycliqueTendanceCasanier","90","30","30","30","3","30,0","1,0"
"COPIE","SondeurIntelligent","31","30","30","30","1","31,0","1,0333333333333334"
"COPIE","Rancunier","31","30","30","30","1","31,0","1,0333333333333334"
"COPIE","MajorMou","62","30","30","30","2","31,0","1,0333333333333334"
"COPIE","Casanier","90","30","30","30","3","30,0","1,0"
"COPIE","SondeurIntelligent","373","40","40","40","10","37,3","0,9324999999999999"
"COPIE","Mefiant","126","40","40","40","3","42,0","1,05"
"COPIE","Fetard","210","40","40","40","5","42,0","1,05"
"COPIE","EasyGo","84","40","40","40","2","42,0","1,05"
"COPIE","CycliqueTendanceFetard","126","40","40","40","3","42,0","1,05"
"COPIE","HardJoss","158","40","40","40","4","39,5","0,9875"
"COPIE","Lunatique","33","40","40","40","1","33,0","0,825"
"COPIE","MajorMou","116","40","40","40","3","38,666666666666664","0,9666666666666666"
"COPIE","Casanier","40","40","40","40","1","40,0","1,0"
"COPIE","Pavlovien","123","40","40","40","3","41,0","1,025"
"COPIE","SondeurFou","82","40","40","40","2","41,0","1,025"
"COPIE","CycliqueTendanceCasanier","36","40","40","40","1","36,0","0,9"
"COPIE","Rancunier","80","40","40","40","2","40,0","1,0"
"COPIE","Mefiant","250","50","50","50","5","50,0","1,0"
"COPIE","CycliqueTendanceFetard","150","50","50","50","3","50,0","1,0"
"COPIE","Lunatique","272","50","50","50","6","45,333333333333336","0,9066666666666667"
"COPIE","EasyGo","200","50","50","50","4","50,0","1,0"
"COPIE","HardJoss","341","50","50","50","7","48,714285714285715","0,9742857142857143"
"COPIE","CycliqueTendanceCasanier","150","50","50","50","3","50,0","1,0"
"COPIE","Rancunier","50","50","50","50","1","50,0","1,0"
"COPIE","SondeurIntelligent","153","50","50","50","3","51,0","1,02"
"COPIE","MajorMou","123","50","50","50","3","41,0","0,82"
"COPIE","Pavlovien","343","50","50","50","7","49,0","0,98"
"COPIE","Casanier","100","50","50","50","2","50,0","1,0"
"COPIE","Fetard","250","50","50","50","5","50,0","1,0"
"COPIE","SondeurFou","49","50","50","50","1","49,0","0,98"
"COPIE","EasyGo","617","60","60","60","10","61,7","1,0283333333333333"
"COPIE","Fetard","534","60","60","60","9","59,333333333333336","0,9888888888888889"
"COPIE","SondeurIntelligent","183","60","60","60","3","61,0","1,0166666666666666"
"COPIE","Casanier","420","60","60","60","7","60,0","1,0"
"COPIE","CycliqueTendanceFetard","92","60","60","60","2","46,0","0,7666666666666667"
"COPIE","MajorMou","179","60","60","60","3","59,666666666666664","0,9944444444444444"
"COPIE","Rancunier","180","60","60","60","3","60,0","1,0"
"COPIE","Lunatique","277","60","60","60","5","55,4","0,9233333333333333"
"COPIE","HardJoss","182","60","60","60","3","60,666666666666664","1,011111111111111"
"COPIE","SondeurFou","366","60","60","60","6","61,0","1,0166666666666666"
"COPIE","Pavlovien","183","60","60","60","3","61,0","1,0166666666666666"
"COPIE","CycliqueTendanceCasanier","180","60","60","60","3","60,0","1,0"
"COPIE","Mefiant","183","60","60","60","3","61,0","1,0166666666666666"
"COPIE","SondeurFou","436","70","70","70","6","72,66666666666667","1,0380952380952382"
"COPIE","HardJoss","1173","70","70","70","18","65,16666666666667","0,930952380952381"
"COPIE","Pavlovien","657","70","70","70","9","73,0","1,042857142857143"
"COPIE","SondeurIntelligent","355","70","70","70","5","71,0","1,0142857142857142"
"COPIE","CycliqueTendanceFetard","124","70","70","70","2","62,0","0,8857142857142857"
"COPIE","Fetard","436","70","70","70","7","62,285714285714285","0,889795918367347"
"COPIE","Lunatique","278","70","70","70","4","69,5","0,9928571428571429"
"COPIE","EasyGo","296","70","70","70","4","74,0","1,0571428571428572"
"COPIE","Mefiant","497","70","70","70","7","71,0","1,0142857142857142"
"COPIE","MajorMou","142","70","70","70","2","71,0","1,0142857142857142"
"COPIE","CycliqueTendanceCasanier","70","70","70","70","1","70,0","1,0"
"COPIE","Casanier","210","70","70","70","3","70,0","1,0"
"COPIE","Rancunier","140","70","70","70","2","70,0","1,0"
"COPIE","HardJoss","741","80","80","80","9","82,33333333333333","1,0291666666666666"
"COPIE","Lunatique","687","80","80","80","9","76,33333333333333","0,9541666666666666"
"COPIE","Pavlovien","340","80","80","80","4","85,0","1,0625"
"COPIE","CycliqueTendanceFetard","505","80","80","80","6","84,16666666666667","1,0520833333333335"
"COPIE","Casanier","240","80","80","80","3","80,0","1,0"
"COPIE","Mefiant","765","80","80","80","9","85,0","1,0625"
"COPIE","EasyGo","412","80","80","80","5","82,4","1,03"
"COPIE","MajorMou","550","80","80","80","7","78,57142857142857","0,9821428571428571"
"COPIE","Fetard","516","80","80","80","6","86,0","1,075"
"COPIE","Rancunier","480","80","80","80","6","80,0","1,0"
"COPIE","CycliqueTendanceCasanier","567","80","80","80","7","81,0","1,0125"
"COPIE","SondeurFou","510","80","80","80","6","85,0","1,0625"
"COPIE","SondeurIntelligent","243","80","80","80","3","81,0","1,0125"
"COPIE","SondeurIntelligent","1419","90","90","90","16","88,6875","0,9854166666666667"
"COPIE","SondeurFou","651","90","90","90","7","93,0","1,0333333333333334"
"COPIE","EasyGo","1201","90","90","90","13","92,38461538461539","1,0264957264957266"
"COPIE","Rancunier","443","90","90","90","5","88,6","0,9844444444444443"
"COPIE","Lunatique","774","90","90","90","9","86,0","0,9555555555555556"
"COPIE","HardJoss","956","90","90","90","11","86,9090909090909","0,9656565656565657"
"COPIE","Mefiant","552","90","90","90","6","92,0","1,0222222222222221"
"COPIE","Fetard","555","90","90","90","6","92,5","1,0277777777777777"
"COPIE","MajorMou","637","90","90","90","7","91,0","1,011111111111111"
"COPIE","Pavlovien","465","90","90","90","5","93,0","1,0333333333333334"
"COPIE","Casanier","180","90","90","90","2","90,0","1,0"
"COPIE","CycliqueTendanceFetard","219","90","90","90","3","73,0","0,8111111111111111"
"COPIE","SondeurIntelligent","1012","100","100","100","10","101,2","1,012"
"COPIE","Rancunier","714","100","100","100","7","102,0","1,02"
"COPIE","HardJoss","1365","100","100","100","14","97,5","0,975"
"COPIE","MajorMou","611","100","100","100","6","101,83333333333333","1,0183333333333333"
"COPIE","Pavlovien","1339","100","100","100","13","103,0","1,03"
"COPIE","CycliqueTendanceCasanier","800","100","100","100","8","100,0","1,0"
"COPIE","Lunatique","565","100","100","100","6","94,16666666666667","0,9416666666666668"
"COPIE","Mefiant","612","100","100","100","6","102,0","1,02"
"COPIE","Fetard","1180","100","100","100","12","98,33333333333333","0,9833333333333333"
"COPIE","Casanier","400","100","100","100","4","100,0","1,0"
"COPIE","EasyGo","910","100","100","100","9","101,11111111111111","1,011111111111111"
"COPIE","SondeurFou","515","100","100","100","5","103,0","1,03"
"COPIE","Lunatique","2","1","1","1","1","2,0","2,0"
"COPIE","Lunatique","1","2","2","2","1","1,0","0,5"
"COPIE","Rancunier","1","2","2","2","1","1,0","0,5"
"COPIE","SondeurFou","5","3","3","3","1","5,0","1,6666666666666667"
"COPIE","SondeurIntelligent","4","3","3","3","1","4,0","1,3333333333333333"
"COPIE","Mefiant","5","3","3","3","1","5,0","1,6666666666666667"
"COPIE","CycliqueTendanceCasanier","4","4","4","4","1","4,0","1,0"
"COPIE","HardJoss","8","4","4","4","1","8,0","2,0"
"COPIE","Fetard","8","4","4","4","1","8,0","2,0"
"COPIE","Mefiant","4","4","4","4","1","4,0","1,0"
"COPIE","CycliqueTendanceFetard","10","5","5","5","2","5,0","1,0"
"COPIE","EasyGo","12","5","5","5","2","6,0","1,2"
"COPIE","MajorMou","8","5","5","5","1","8,0","1,6"
"COPIE","CycliqueTendanceFetard","6","6","6","6","1","6,0","1,0"
"COPIE","SondeurIntelligent","10","6","6","6","2","5,0","0,8333333333333334"
"COPIE","EasyGo","6","6","6","6","1","6,0","1,0"
"COPIE","Lunatique","4","6","6","6","1","4,0","0,6666666666666666"
"COPIE","Pavlovien","5","6","6","6","1","5,0","0,8333333333333334"
"COPIE","Fetard","12","7","7","7","2","6,0","0,8571428571428571"
"COPIE","SondeurIntelligent","11","7","7","7","2","5,5","0,7857142857142857"
"COPIE","MajorMou","6","7","7","7","1","6,0","0,8571428571428571"
"COPIE","EasyGo","6","7","7","7","1","6,0","0,8571428571428571"
"COPIE","Lunatique","5","7","7","7","1","5,0","0,7142857142857143"
"COPIE","Pavlovien","19","8","8","8","2","9,5","1,1875"
"COPIE","CycliqueTendanceFetard","18","8","8","8","2","9,0","1,125"
"COPIE","MajorMou","10","8","8","8","1","10,0","1,25"
"COPIE","Mefiant","8","8","8","8","1","8,0","1,0"
"COPIE","Fetard","20","8","8","8","2","10,0","1,25"
"COPIE","SondeurIntelligent","14","9","9","9","2","7,0","0,7777777777777778"
"COPIE","HardJoss","15","9","9","9","2","7,5","0,8333333333333334"
"COPIE","Mefiant","4","9","9","9","1","4,0","0,4444444444444444"
"COPIE","Casanier","9","9","9","9","1","9,0","1,0"
"COPIE","SondeurFou","7","9","9","9","1","7,0","0,7777777777777778"
"COPIE","MajorMou","9","9","9","9","1","9,0","1,0"
"COPIE","EasyGo","8","9","9","9","1","8,0","0,8888888888888888"
"COPIE","SondeurFou","33","10","10","10","3","11,0","1,1"
"COPIE","HardJoss","22","10","10","10","2","11,0","1,1"
"COPIE","Rancunier","18","10","10","10","2","9,0","0,9"
"COPIE","CycliqueTendanceFetard","14","10","10","10","2","7,0","0,7"
"COPIE","Lunatique","13","10","10","10","1","13,0","1,3"
"COPIE","CycliqueTendanceCasanier","24","11","11","11","2","12,0","1,0909090909090908"
"COPIE","Lunatique","24","11","11","11","2","12,0","1,0909090909090908"
"COPIE","HardJoss","40","11","11","11","3","13,333333333333334","1,2121212121212122"
"COPIE","SondeurFou","26","11","11","11","2","13,0","1,1818181818181819"
"COPIE","MajorMou","12","11","11","11","1","12,0","1,0909090909090908"
"COPIE","Mefiant","12","11","11","11","1","12,0","1,0909090909090908"
"COPIE","Rancunier","28","12","12","12","2","14,0","1,1666666666666667"
"COPIE","SondeurIntelligent","13","12","12","12","1","13,0","1,0833333333333333"
"COPIE","EasyGo","41","12","12","12","3","13,666666666666666","1,1388888888888888"
"COPIE","Lunatique","51","12","12","12","4","12,75","1,0625"
"COPIE","CycliqueTendanceCasanier","10","12","12","12","1","10,0","0,8333333333333334"
"COPIE","Pavlovien","15","12","12","12","1","15,0","1,25"
"COPIE","HardJoss","26","13","13","13","2","13,0","1,0"
"COPIE","Fetard","41","13","13","13","3","13,666666666666666","1,0512820512820513"
"COPIE","SondeurFou","15","13","13","13","1","15,0","1,1538461538461537"
"COPIE","Lunatique","26","13","13","13","2","13,0","1,0"
"COPIE","Mefiant","30","13","13","13","2","15,0","1,1538461538461537"
"COPIE","CycliqueTendanceCasanier","13","13","13","13","1","13,0","1,0"
"COPIE","MajorMou","13","13","13","13","1","13,0","1,0"
"COPIE","Casanier","13","13","13","13","1","13,0","1,0"
"COPIE","SondeurIntelligent","21","14","14","14","2","10,5","0,75"
"COPIE","SondeurFou","11","14","14","14","1","11,0","0,7857142857142857"
"COPIE","Lunatique","36","14","14","14","3","12,0","0,8571428571428571"
"COPIE","Pavlovien","22","14","14","14","2","11,0","0,7857142857142857"
"COPIE","Mefiant","12","14","14","14","2","6,0","0,42857142857142855"
"COPIE","CycliqueTendanceCasanier","13","14","14","14","1","13,0","0,9285714285714286"
"COPIE","Fetard","12","14","14","14","1","12,0","0,8571428571428571"
"COPIE","EasyGo","12","14","14","14","1","12,0","0,8571428571428571"
"COPIE","Casanier","14","14","14","14","1","14,0","1,0"
"COPIE","Fetard","78","15","15","15","5","15,6","1,04"
"COPIE","EasyGo","43","15","15","15","3","14,333333333333334","0,9555555555555556"
"COPIE","MajorMou","32","15","15","15","2","16,0","1,0666666666666667"
"COPIE","SondeurIntelligent","32","15","15","15","2","16,0","1,0666666666666667"
"COPIE","Pavlovien","34","15","15","15","2","17,0","1,1333333333333333"
"COPIE","CycliqueTendanceFetard","13","15","15","15","1","13,0","0,8666666666666667"
"COPIE","Lunatique","72","16","16","16","4","18,0","1,125"
"COPIE","EasyGo","102","16","16","16","6","17,0","1,0625"
"COPIE","SondeurFou","42","16","16","16","2","21,0","1,3125"
"COPIE","CycliqueTendanceCasanier","18","16","16","16","1","18,0","1,125"
"COPIE","Mefiant","16","16","16","16","1","16,0","1,0"
"COPIE","MajorMou","16","16","16","16","1","16,0","1,0"
"COPIE","HardJoss","19","16","16","16","1","19,0","1,1875"
"COPIE","Lunatique","78","17","17","17","4","19,5","1,1470588235294117"
"COPIE","MajorMou","22","17","17","17","1","22,0","1,2941176470588236"
"COPIE","Mefiant","18","17","17","17","1","18,0","1,0588235294117647"
"COPIE","HardJoss","43","17","17","17","2","21,5","1,2647058823529411"
"COPIE","CycliqueTendanceFetard","88","17","17","17","4","22,0","1,2941176470588236"
"COPIE","Rancunier","34","17","17","17","2","17,0","1,0"
"COPIE","CycliqueTendanceCasanier","17","17","17","17","1","17,0","1,0"
"COPIE","Fetard","24","17","17","17","1","24,0","1,411764705882353"
"COPIE","EasyGo","24","17","17","17","1","24,0","1,411764705882353"
"COPIE","Casanier","18","18","18","18","1","18,0","1,0"
"COPIE","CycliqueTendanceFetard","48","18","18","18","3","16,0","0,8888888888888888"
"COPIE","HardJoss","98","18","18","18","6","16,333333333333332","0,9074074074074073"
"COPIE","Rancunier","36","18","18","18","2","18,0","1,0"
"COPIE","SondeurFou","34","18","18","18","2","17,0","0,9444444444444444"
"COPIE","Fetard","36","18","18","18","2","18,0","1,0"
"COPIE","Mefiant","18","18","18","18","1","18,0","1,0"
"COPIE","CycliqueTendanceCasanier","15","18","18","18","1","15,0","0,8333333333333334"
"COPIE","Lunatique","91","19","19","19","6","15,166666666666666","0,7982456140350876"
"COPIE","HardJoss","19","19","19","19","1","19,0","1,0"
"COPIE","EasyGo","54","19","19","19","3","18,0","0,9473684210526315"
"COPIE","Pavlovien","51","19","19","19","3","17,0","0,8947368421052632"
"COPIE","Fetard","18","19","19","19","1","18,0","0,9473684210526315"
"COPIE","MajorMou","18","19","19","19","1","18,0","0,9473684210526315"
"COPIE","CycliqueTendanceCasanier","19","19","19","19","1","19,0","1,0"
"COPIE","Casanier","38","19","19","19","2","19,0","1,0"
"COPIE","SondeurFou","17","19","19","19","1","17,0","0,8947368421052632"
"COPIE","EasyGo","48","20","20","20","2","24,0","1,2"
"COPIE","SondeurFou","83","20","20","20","4","20,75","1,0375"
"COPIE","MajorMou","42","20","20","20","2","21,0","1,05"
"COPIE","HardJoss","63","20","20","20","3","21,0","1,05"
"COPIE","Casanier","40","20","20","20","2","20,0","1,0"
"COPIE","Mefiant","46","20","20","20","2","23,0","1,15"
"COPIE","Lunatique","40","20","20","20","2","20,0","1,0"
"COPIE","SondeurIntelligent","21","20","20","20","1","21,0","1,05"
"COPIE","CycliqueTendanceFetard","21","20","20","20","1","21,0","1,05"
"COPIE","Pavlovien","23","20","20","20","1","23,0","1,15"
"COPIE","Fetard","133","21","21","21","6","22,166666666666668","1,0555555555555556"
"COPIE","Pavlovien","100","21","21","21","4","25,0","1,1904761904761905"
"COPIE","HardJoss","70","21","21","21","3","23,333333333333332","1,1111111111111112"
"COPIE","Rancunier","26","21","21","21","1","26,0","1,2380952380952381"
"COPIE","MajorMou","46","21","21","21","2","23,0","1,0952380952380953"
"COPIE","CycliqueTendanceFetard","20","21","21","21","1","20,0","0,9523809523809523"
"COPIE","Casanier","21","21","21","21","1","21,0","1,0"
"COPIE","SondeurIntelligent","22","21","21","21","1","22,0","1,0476190476190477"
"COPIE","Mefiant","21","21","21","21","1","21,0","1,0"
"COPIE","CycliqueTendanceCasanier","21","21","21","21","1","21,0","1,0"
"COPIE","CycliqueTendanceFetard","20","22","22","22","1","20,0","0,9090909090909091"
"COPIE","Pavlovien","75","22","22","22","3","25,0","1,1363636363636365"
"COPIE","EasyGo","183","22","22","22","9","20,333333333333332","0,9242424242424242"
"COPIE","Rancunier","96","22","22","22","4","24,0","1,0909090909090908"
"COPIE","MajorMou","25","22","22","22","1","25,0","1,1363636363636365"
"COPIE","Lunatique","25","22","22","22","1","25,0","1,1363636363636365"
"COPIE","SondeurFou","25","22","22","22","1","25,0","1,1363636363636365"
"COPIE","SondeurIntelligent","23","22","22","22","1","23,0","1,0454545454545454"
"COPIE","Fetard","26","22","22","22","1","26,0","1,1818181818181819"
"COPIE","HardJoss","125","23","23","23","6","20,833333333333332","0,9057971014492753"
"COPIE","Casanier","69","23","23","23","3","23,0","1,0"
"COPIE","Mefiant","63","23","23","23","3","21,0","0,9130434782608695"
"COPIE","Pavlovien","42","23","23","23","2","21,0","0,9130434782608695"
"COPIE","Fetard","60","23","23","23","3","20,0","0,8695652173913043"
"COPIE","SondeurIntelligent","54","23","23","23","3","18,0","0,782608695652174"
"COPIE","Lunatique","18","23","23","23","1","18,0","0,782608695652174"
"COPIE","MajorMou","23","23","23","23","1","23,0","1,0"
"COPIE","EasyGo","22","23","23","23","1","22,0","0,9565217391304348"
"COPIE","CycliqueTendanceFetard","98","24","24","24","5","19,6","0,8166666666666668"
"COPIE","Mefiant","34","24","24","24","2","17,0","0,7083333333333334"
"COPIE","Lunatique","26","24","24","24","1","26,0","1,0833333333333333"
"COPIE","Fetard","41","24","24","24","2","20,5","0,8541666666666666"
"COPIE","Pavlovien","23","24","24","24","1","23,0","0,9583333333333334"
"COPIE","HardJoss","47","24","24","24","2","23,5","0,9791666666666666"
"COPIE","CycliqueTendanceCasanier","66","24","24","24","3","22,0","0,9166666666666666"
"COPIE","SondeurFou","46","24","24","24","2","23,0","0,9583333333333334"
"COPIE","SondeurIntelligent","41","24","24","24","2","20,5","0,8541666666666666"
"COPIE","MajorMou","50","24","24","24","2","25,0","1,0416666666666667"
"COPIE","Casanier","24","24","24","24","1","24,0","1,0"
"COPIE","Rancunier","24","24","24","24","1","24,0","1,0"
"COPIE","SondeurIntelligent","81","25","25","25","3","27,0","1,08"
"COPIE","HardJoss","88","25","25","25","3","29,333333333333332","1,1733333333333333"
"COPIE","CycliqueTendanceFetard","32","25","25","25","1","32,0","1,28"
"COPIE","EasyGo","154","25","25","25","6","25,666666666666668","1,0266666666666666"
"COPIE","Pavlovien","62","25","25","25","2","31,0","1,24"
"COPIE","Fetard","32","25","25","25","1","32,0","1,28"
"COPIE","Rancunier","62","25","25","25","2","31,0","1,24"
"COPIE","CycliqueTendanceCasanier","25","25","25","25","1","25,0","1,0"
"COPIE","Lunatique","23","25","25","25","1","23,0","0,92"
"COPIE","MajorMou","28","25","25","25","1","28,0","1,12"
"COPIE","Mefiant","28","25","25","25","1","28,0","1,12"
"COPIE","SondeurFou","31","25","25","25","1","31,0","1,24"
"COPIE","Casanier","50","25","25","25","2","25,0","1,0"
"COPIE","HardJoss","263","26","26","26","9","29,22222222222222","1,123931623931624"
"COPIE","MajorMou","59","26","26","26","2","29,5","1,1346153846153846"
"COPIE","Rancunier","67","26","26","26","2","33,5","1,2884615384615385"
"COPIE","Mefiant","58","26","26","26","2","29,0","1,1153846153846154"
"COPIE","EasyGo","115","26","26","26","4","28,75","1,1057692307692308"
"COPIE","Lunatique","105","26","26","26","4","26,25","1,0096153846153846"
"COPIE","Casanier","26","26","26","26","1","26,0","1,0"
"COPIE","CycliqueTendanceCasanier","26","26","26","26","1","26,0","1,0"
"COPIE","CycliqueTendanceFetard","29","26","26","26","1","29,0","1,1153846153846154"
"COPIE","Rancunier","54","27","27","27","2","27,0","1,0"
"COPIE","EasyGo","75","27","27","27","3","25,0","0,9259259259259259"
"COPIE","Fetard","105","27","27","27","4","26,25","0,9722222222222222"
"COPIE","SondeurFou","108","27","27","27","4","27,0","1,0"
"COPIE","Casanier","27","27","27","27","1","27,0","1,0"
"COPIE","HardJoss","27","27","27","27","1","27,0","1,0"
"COPIE","Lunatique","79","27","27","27","3","26,333333333333332","0,9753086419753086"
"COPIE","MajorMou","27","27","27","27","1","27,0","1,0"
"COPIE","SondeurIntelligent","56","27","27","27","2","28,0","1,037037037037037"
"COPIE","Pavlovien","81","27","27","27","3","27,0","1,0"
"COPIE","CycliqueTendanceFetard","40","27","27","27","2","20,0","0,7407407407407407"
"COPIE","Mefiant","26","27","27","27","1","26,0","0,9629629629629629"
"COPIE","HardJoss","32","28","28","28","1","32,0","1,1428571428571428"
"COPIE","CycliqueTendanceCasanier","60","28","28","28","2","30,0","1,0714285714285714"
"COPIE","EasyGo","81","28","28","28","3","27,0","0,9642857142857143"
"COPIE","SondeurIntelligent","58","28","28","28","2","29,0","1,0357142857142858"
"COPIE","SondeurFou","62","28","28","28","2","31,0","1,1071428571428572"
"COPIE","Pavlovien","186","28","28","28","6","31,0","1,1071428571428572"
"COPIE","Lunatique","26","28","28","28","1","26,0","0,9285714285714286"
"COPIE","Mefiant","62","28","28","28","2","31,0","1,1071428571428572"
"COPIE","Rancunier","84","28","28","28","3","28,0","1,0"
"COPIE","Fetard","32","28","28","28","1","32,0","1,1428571428571428"
"COPIE","Casanier","28","28","28","28","1","28,0","1,0"
"COPIE","CycliqueTendanceFetard","84","28","28","28","3","28,0","1,0"
"COPIE","MajorMou","27","28","28","28","1","27,0","0,9642857142857143"
"COPIE","Casanier","72","29","29","29","3","24,0","0,8275862068965517"
"COPIE","HardJoss","50","29","29","29","2","25,0","0,8620689655172413"
"COPIE","Pavlovien","46","29","29","29","2","23,0","0,7931034482758621"
"COPIE","SondeurFou","69","29","29","29","3","23,0","0,7931034482758621"
"COPIE","EasyGo","72","29","29","29","3","24,0","0,8275862068965517"
"COPIE","SondeurIntelligent","60","29","29","29","2","30,0","1,0344827586206897"
"COPIE","CycliqueTendanceFetard","72","29","29","29","3","24,0","0,8275862068965517"
"COPIE","Mefiant","42","29","29","29","3","14,0","0,4827586206896552"
"COPIE","Fetard","24","29","29","29","1","24,0","0,8275862068965517"
"COPIE","Lunatique","52","29","29","29","2","26,0","0,896551724137931"
"COPIE","MajorMou","28","29","29","29","1","28,0","0,9655172413793104"
"COPIE","Rancunier","58","29","29","29","2","29,0","1,0"
"COPIE","CycliqueTendanceCasanier","44","29","29","29","2","22,0","0,7586206896551724"
"COPIE","EasyGo","173","30","30","30","6","28,833333333333332","0,961111111111111"
"COPIE","SondeurIntelligent","75","30","30","30","3","25,0","0,8333333333333334"
"COPIE","Mefiant","58","30","30","30","2","29,0","0,9666666666666667"
"COPIE","HardJoss","55","30","30","30","2","27,5","0,9166666666666666"
"COPIE","Lunatique","27","30","30","30","1","27,0","0,9"
"COPIE","SondeurFou","87","30","30","30","3","29,0","0,9666666666666667"
"COPIE","CycliqueTendanceFetard","60","30","30","30","2","30,0","1,0"
"COPIE","Pavlovien","58","30","30","30","2","29,0","0,9666666666666667"
"COPIE","Rancunier","120","30","30","30","4","30,0","1,0"
"COPIE","MajorMou","61","30","30","30","2","30,5","1,0166666666666666"
"COPIE","CycliqueTendanceCasanier","30","30","30","30","1","30,0","1,0"
"COPIE","Casanier","60","30","30","30","2","30,0","1,0"
"COPIE","Rancunier","182","31","31","31","5","36,4","1,1741935483870967"
"COPIE","CycliqueTendanceFetard","32","31","31","31","1","32,0","1,032258064516129"
"COPIE","EasyGo","468","31","31","31","15","31,2","1,0064516129032257"
"COPIE","MajorMou","137","31","31","31","4","34,25","1,1048387096774193"
"COPIE","HardJoss","37","31","31","31","1","37,0","1,1935483870967742"
"COPIE","Pavlovien","117","31","31","31","3","39,0","1,2580645161290323"
"COPIE","Lunatique","67","31","31","31","2","33,5","1,0806451612903225"
"COPIE","Fetard","111","32","32","32","4","27,75","0,8671875"
"COPIE","HardJoss","114","32","32","32","4","28,5","0,890625"
"COPIE","SondeurFou","116","32","32","32","4","29,0","0,90625"
"COPIE","CycliqueTendanceFetard","64","32","32","32","2","32,0","1,0"
"COPIE","SondeurIntelligent","99","32","32","32","3","33,0","1,03125"
"COPIE","Mefiant","52","32","32","32","2","26,0","0,8125"
"COPIE","MajorMou","142","32","32","32","5","28,4","0,8875"
"COPIE","Rancunier","64","32","32","32","2","32,0","1,0"
"COPIE","CycliqueTendanceCasanier","60","32","32","32","2","30,0","0,9375"
"COPIE","Casanier","32","32","32","32","1","32,0","1,0"
"COPIE","EasyGo","90","32","32","32","3","30,0","0,9375"
"COPIE","EasyGo","222","33","33","33","8","27,75","0,8409090909090909"
"COPIE","Lunatique","120","33","33","33","4","30,0","0,9090909090909091"
"COPIE","Pavlovien","58","33","33","33","2","29,0","0,8787878787878788"
"COPIE","SondeurIntelligent","192","33","33","33","6","32,0","0,9696969696969697"
"COPIE","CycliqueTendanceCasanier","50","33","33","33","2","25,0","0,7575757575757576"
"COPIE","Mefiant","58","33","33","33","2","29,0","0,8787878787878788"
"COPIE","Fetard","83","33","33","33","3","27,666666666666668","0,8383838383838385"
"COPIE","Casanier","33","33","33","33","1","33,0","1,0"
"COPIE","MajorMou","67","33","33","33","2","33,5","1,0151515151515151"
"COPIE","CycliqueTendanceFetard","30","33","33","33","1","30,0","0,9090909090909091"
"COPIE","SondeurFou","29","33","33","33","1","29,0","0,8787878787878788"
"COPIE","HardJoss","28","33","33","33","1","28,0","0,8484848484848485"
"COPIE","Rancunier","48","34","34","34","2","24,0","0,7058823529411765"
"COPIE","SondeurFou","54","34","34","34","2","27,0","0,7941176470588235"
"COPIE","Pavlovien","162","34","34","34","6","27,0","0,7941176470588235"
"COPIE","MajorMou","98","34","34","34","3","32,666666666666664","0,9607843137254901"
"COPIE","Mefiant","28","34","34","34","2","14,0","0,4117647058823529"
"COPIE","Lunatique","91","34","34","34","3","30,333333333333332","0,892156862745098"
"COPIE","Casanier","34","34","34","34","1","34,0","1,0"
"COPIE","HardJoss","114","34","34","34","4","28,5","0,8382352941176471"
"COPIE","CycliqueTendanceFetard","140","34","34","34","5","28,0","0,8235294117647058"
"COPIE","SondeurIntelligent","140","34","34","34","4","35,0","1,0294117647058822"
"COPIE","EasyGo","28","34","34","34","1","28,0","0,8235294117647058"
"COPIE","CycliqueTendanceCasanier","34","34","34","34","1","34,0","1,0"
"COPIE","Fetard","190","35","35","35","5","38,0","1,0857142857142856"
"COPIE","Lunatique","151","35","35","35","5","30,2","0,8628571428571429"
"COPIE","MajorMou","34","35","35","35","1","34,0","0,9714285714285714"
"COPIE","SondeurIntelligent","67","35","35","35","2","33,5","0,9571428571428572"
"COPIE","Rancunier","70","35","35","35","2","35,0","1,0"
"COPIE","EasyGo","176","35","35","35","5","35,2","1,0057142857142858"
"COPIE","CycliqueTendanceCasanier","140","35","35","35","4","35,0","1,0"
"COPIE","CycliqueTendanceFetard","152","35","35","35","4","38,0","1,0857142857142856"
"COPIE","Casanier","70","35","35","35","2","35,0","1,0"
"COPIE","HardJoss","112","35","35","35","3","37,333333333333336","1,0666666666666667"
"COPIE","Pavlovien","37","35","35","35","1","37,0","1,0571428571428572"
"COPIE","Mefiant","37","35","35","35","1","37,0","1,0571428571428572"
"COPIE","HardJoss","286","36","36","36","9","31,77777777777778","0,8827160493827161"
"COPIE","EasyGo","125","36","36","36","4","31,25","0,8680555555555556"
"COPIE","Lunatique","107","36","36","36","3","35,666666666666664","0,9907407407407407"
"COPIE","SondeurIntelligent","185","36","36","36","5","37,0","1,0277777777777777"
"COPIE","Pavlovien","74","36","36","36","2","37,0","1,0277777777777777"
"COPIE","CycliqueTendanceCasanier","60","36","36","36","2","30,0","0,8333333333333334"
"COPIE","Fetard","152","36","36","36","4","38,0","1,0555555555555556"
"COPIE","MajorMou","112","36","36","36","3","37,333333333333336","1,0370370370370372"
"COPIE","Mefiant","74","36","36","36","2","37,0","1,0277777777777777"
"COPIE","CycliqueTendanceFetard","36","36","36","36","1","36,0","1,0"
"COPIE","Rancunier","36","36","36","36","1","36,0","1,0"
"COPIE","SondeurIntelligent","151","37","37","37","4","37,75","1,0202702702702702"
"COPIE","Lunatique","185","37","37","37","5","37,0","1,0"
"COPIE","Mefiant","294","37","37","37","7","42,0","1,135135135135135"
"COPIE","CycliqueTendanceFetard","118","37","37","37","3","39,333333333333336","1,063063063063063"
"COPIE","HardJoss","82","37","37","37","2","41,0","1,1081081081081081"
"COPIE","SondeurFou","86","37","37","37","2","43,0","1,162162162162162"
"COPIE","Fetard","122","37","37","37","3","40,666666666666664","1,099099099099099"
"COPIE","CycliqueTendanceCasanier","78","37","37","37","2","39,0","1,054054054054054"
"COPIE","Rancunier","111","37","37","37","3","37,0","1,0"
"COPIE","MajorMou","114","37","37","37","3","38,0","1,027027027027027"
"COPIE","Pavlovien","129","37","37","37","3","43,0","1,162162162162162"
"COPIE","Fetard","245","38","38","38","7","35,0","0,9210526315789473"
"COPIE","HardJoss","203","38","38","38","6","33,833333333333336","0,8903508771929826"
"COPIE","Pavlovien","195","38","38","38","5","39,0","1,0263157894736843"
"COPIE","Rancunier","202","38","38","38","5","40,4","1,063157894736842"
"COPIE","EasyGo","160","38","38","38","4","40,0","1,0526315789473684"
"COPIE","Lunatique","73","38","38","38","2","36,5","0,9605263157894737"
"COPIE","MajorMou","79","38","38","38","2","39,5","1,0394736842105263"
"COPIE","SondeurIntelligent","156","38","38","38","4","39,0","1,0263157894736843"
"COPIE","Mefiant","70","38","38","38","2","35,0","0,9210526315789473"
"COPIE","Casanier","38","38","38","38","1","38,0","1,0"
"COPIE","SondeurIntelligent","229","39","39","39","6","38,166666666666664","0,9786324786324786"
"COPIE","Casanier","257","39","39","39","7","36,714285714285715","0,9413919413919414"
"COPIE","Rancunier","117","39","39","39","3","39,0","1,0"
"COPIE","CycliqueTendanceFetard","76","39","39","39","2","38,0","0,9743589743589743"
"COPIE","HardJoss","183","39","39","39","5","36,6","0,9384615384615385"
"COPIE","Fetard","114","39","39","39","3","38,0","0,9743589743589743"
"COPIE","Pavlovien","74","39","39","39","2","37,0","0,9487179487179487"
"COPIE","EasyGo","76","39","39","39","2","38,0","0,9743589743589743"
"COPIE","SondeurFou","185","39","39","39","5","37,0","0,9487179487179487"
"COPIE","Mefiant","72","39","39","39","2","36,0","0,9230769230769231"
"COPIE","Lunatique","33","39","39","39","1","33,0","0,8461538461538461"
"COPIE","CycliqueTendanceCasanier","29","39","39","39","1","29,0","0,7435897435897436"
"COPIE","HardJoss","251","40","40","40","7","35,857142857142854","0,8964285714285714"
"COPIE","Fetard","266","40","40","40","7","38,0","0,95"
"COPIE","Casanier","160","40","40","40","4","40,0","1,0"
"COPIE","CycliqueTendanceFetard","120","40","40","40","3","40,0","1,0"
"COPIE","Pavlovien","39","40","40","40","1","39,0","0,975"
"COPIE","SondeurFou","78","40","40","40","2","39,0","0,975"
"COPIE","Mefiant","117","40","40","40","3","39,0","0,975"
"COPIE","Rancunier","120","40","40","40","3","40,0","1,0"
"COPIE","MajorMou","110","40","40","40","3","36,666666666666664","0,9166666666666666"
"COPIE","SondeurIntelligent","123","40","40","40","3","41,0","1,025"
"COPIE","Lunatique","35","40","40","40","1","35,0","0,875"
"COPIE","CycliqueTendanceCasanier","80","40","40","40","2","40,0","1,0"
"COPIE","EasyGo","40","40","40","40","1","40,0","1,0"
"COPIE","HardJoss","114","41","41","41","3","38,0","0,926829268292683"
"COPIE","Pavlovien","191","41","41","41","5","38,2","0,9317073170731708"
"COPIE","Casanier","155","41","41","41","4","38,75","0,9451219512195121"
"COPIE","SondeurFou","107","41","41","41","3","35,666666666666664","0,8699186991869918"
"COPIE","Fetard","240","41","41","41","6","40,0","0,975609756097561"
"COPIE","MajorMou","123","41","41","41","3","41,0","1,0"
"COPIE","EasyGo","240","41","41","41","6","40,0","0,975609756097561"
"COPIE","SondeurIntelligent","160","41","41","41","4","40,0","0,975609756097561"
"COPIE","Rancunier","120","41","41","41","3","40,0","0,975609756097561"
"COPIE","Lunatique","34","41","41","41","1","34,0","0,8292682926829268"
"COPIE","CycliqueTendanceFetard","35","41","41","41","1","35,0","0,8536585365853658"
"COPIE","Mefiant","82","41","41","41","2","41,0","1,0"
"COPIE","HardJoss","205","42","42","42","5","41,0","0,9761904761904762"
"COPIE","Casanier","210","42","42","42","5","42,0","1,0"
"COPIE","CycliqueTendanceFetard","168","42","42","42","4","42,0","1,0"
"COPIE","SondeurIntelligent","264","42","42","42","7","37,714285714285715","0,8979591836734694"
"COPIE","Lunatique","113","42","42","42","3","37,666666666666664","0,8968253968253967"
"COPIE","Fetard","210","42","42","42","5","42,0","1,0"
"COPIE","Pavlovien","82","42","42","42","2","41,0","0,9761904761904762"
"COPIE","Mefiant","123","42","42","42","3","41,0","0,9761904761904762"
"COPIE","MajorMou","82","42","42","42","2","41,0","0,9761904761904762"
"COPIE","SondeurFou","123","42","42","42","3","41,0","0,9761904761904762"
"COPIE","CycliqueTendanceCasanier","68","42","42","42","2","34,0","0,8095238095238095"
"COPIE","EasyGo","42","42","42","42","1","42,0","1,0"
"COPIE","Fetard","429","43","43","43","11","39,0","0,9069767441860465"
"COPIE","Lunatique","275","43","43","43","7","39,285714285714285","0,9136212624584718"
"COPIE","SondeurFou","82","43","43","43","2","41,0","0,9534883720930233"
"COPIE","HardJoss","156","43","43","43","4","39,0","0,9069767441860465"
"COPIE","MajorMou","151","43","43","43","4","37,75","0,877906976744186"
"COPIE","Rancunier","129","43","43","43","3","43,0","1,0"
"COPIE","Mefiant","99","43","43","43","3","33,0","0,7674418604651163"
"COPIE","Pavlovien","82","43","43","43","2","41,0","0,9534883720930233"
"COPIE","CycliqueTendanceFetard","126","43","43","43","3","42,0","0,9767441860465116"
"COPIE","Casanier","43","43","43","43","1","43,0","1,0"
"COPIE","SondeurIntelligent","132","43","43","43","3","44,0","1,0232558139534884"
"COPIE","EasyGo","299","44","44","44","7","42,714285714285715","0,9707792207792209"
"COPIE","MajorMou","362","44","44","44","8","45,25","1,0284090909090908"
"COPIE","HardJoss","182","44","44","44","4","45,5","1,0340909090909092"
"COPIE","Rancunier","182","44","44","44","4","45,5","1,0340909090909092"
"COPIE","Fetard","89","44","44","44","2","44,5","1,0113636363636365"
"COPIE","SondeurFou","282","44","44","44","6","47,0","1,0681818181818181"
"COPIE","SondeurIntelligent","135","44","44","44","3","45,0","1,0227272727272727"
"COPIE","CycliqueTendanceFetard","76","44","44","44","2","38,0","0,8636363636363636"
"COPIE","Mefiant","215","44","44","44","5","43,0","0,9772727272727273"
"COPIE","Lunatique","93","44","44","44","2","46,5","1,0568181818181819"
"COPIE","Pavlovien","47","44","44","44","1","47,0","1,0681818181818181"
"COPIE","CycliqueTendanceCasanier","157","45","45","45","4","39,25","0,8722222222222222"
"COPIE","Fetard","210","45","45","45","5","42,0","0,9333333333333333"
"COPIE","SondeurFou","275","45","45","45","7","39,285714285714285","0,873015873015873"
"COPIE","MajorMou","127","45","45","45","3","42,333333333333336","0,9407407407407408"
"COPIE","HardJoss","262","45","45","45","7","37,42857142857143","0,8317460317460318"
"COPIE","Lunatique","123","45","45","45","3","41,0","0,9111111111111111"
"COPIE","Casanier","180","45","45","45","4","45,0","1,0"
"COPIE","Mefiant","90","45","45","45","2","45,0","1,0"
"COPIE","EasyGo","210","45","45","45","5","42,0","0,9333333333333333"
"COPIE","Pavlovien","86","45","45","45","2","43,0","0,9555555555555556"
"COPIE","SondeurIntelligent","132","45","45","45","3","44,0","0,9777777777777777"
"COPIE","CycliqueTendanceFetard","276","46","46","46","6","46,0","1,0"
"COPIE","Fetard","230","46","46","46","5","46,0","1,0"
"COPIE","Lunatique","208","46","46","46","5","41,6","0,9043478260869565"
"COPIE","Rancunier","386","46","46","46","10","38,6","0,8391304347826087"
"COPIE","HardJoss","257","46","46","46","6","42,833333333333336","0,9311594202898551"
"COPIE","MajorMou","89","46","46","46","2","44,5","0,967391304347826"
"COPIE","CycliqueTendanceCasanier","82","46","46","46","2","41,0","0,8913043478260869"
"COPIE","Casanier","92","46","46","46","2","46,0","1,0"
"COPIE","EasyGo","230","46","46","46","5","46,0","1,0"
"COPIE","Mefiant","90","46","46","46","2","45,0","0,9782608695652174"
"COPIE","Pavlovien","45","46","46","46","1","45,0","0,9782608695652174"
"COPIE","EasyGo","86","47","47","47","2","43,0","0,9148936170212766"
"COPIE","CycliqueTendanceCasanier","267","47","47","47","6","44,5","0,9468085106382979"
"COPIE","HardJoss","180","47","47","47","4","45,0","0,9574468085106383"
"COPIE","Rancunier","94","47","47","47","2","47,0","1,0"
"COPIE","Pavlovien","235","47","47","47","5","47,0","1,0"
"COPIE","Fetard","240","47","47","47","5","48,0","1,0212765957446808"
"COPIE","Mefiant","141","47","47","47","3","47,0","1,0"
"COPIE","Lunatique","173","47","47","47","4","43,25","0,9202127659574468"
"COPIE","CycliqueTendanceFetard","225","47","47","47","5","45,0","0,9574468085106383"
"COPIE","SondeurFou","141","47","47","47","3","47,0","1,0"
"COPIE","SondeurIntelligent","192","47","47","47","4","48,0","1,0212765957446808"
"COPIE","Casanier","141","47","47","47","3","47,0","1,0"
"COPIE","MajorMou","46","47","47","47","1","46,0","0,9787234042553191"
"COPIE","Lunatique","295","48","48","48","6","49,166666666666664","1,0243055555555556"
"COPIE","HardJoss","677","48","48","48","13","52,07692307692308","1,0849358974358976"
"COPIE","Rancunier","240","48","48","48","5","48,0","1,0"
"COPIE","EasyGo","199","48","48","48","4","49,75","1,0364583333333333"
"COPIE","SondeurFou","114","48","48","48","2","57,0","1,1875"
"COPIE","Fetard","232","48","48","48","4","58,0","1,2083333333333333"
"COPIE","Casanier","96","48","48","48","2","48,0","1,0"
"COPIE","MajorMou","285","48","48","48","6","47,5","0,9895833333333334"
"COPIE","Pavlovien","285","48","48","48","5","57,0","1,1875"
"COPIE","Mefiant","52","48","48","48","1","52,0","1,0833333333333333"
"COPIE","Rancunier","245","49","49","49","5","49,0","1,0"
"COPIE","EasyGo","401","49","49","49","8","50,125","1,0229591836734695"
"COPIE","CycliqueTendanceFetard","147","49","49","49","3","49,0","1,0"
"COPIE","Pavlovien","159","49","49","49","3","53,0","1,0816326530612246"
"COPIE","Fetard","256","49","49","49","5","51,2","1,0448979591836736"
"COPIE","Lunatique","183","49","49","49","4","45,75","0,9336734693877551"
"COPIE","Casanier","294","49","49","49","6","49,0","1,0"
"COPIE","CycliqueTendanceCasanier","153","49","49","49","3","51,0","1,0408163265306123"
"COPIE","HardJoss","104","49","49","49","2","52,0","1,0612244897959184"
"COPIE","MajorMou","48","49","49","49","1","48,0","0,9795918367346939"
"COPIE","SondeurFou","371","49","49","49","7","53,0","1,0816326530612246"
"COPIE","SondeurIntelligent","50","49","49","49","1","50,0","1,0204081632653061"
"COPIE","Mefiant","48","49","49","49","1","48,0","0,9795918367346939"
"COPIE","HardJoss","227","50","50","50","5","45,4","0,9079999999999999"
"COPIE","Mefiant","225","50","50","50","5","45,0","0,9"
"COPIE","SondeurFou","235","50","50","50","5","47,0","0,94"
"COPIE","MajorMou","294","50","50","50","6","49,0","0,98"
"COPIE","CycliqueTendanceFetard","283","50","50","50","6","47,166666666666664","0,9433333333333332"
"COPIE","Pavlovien","141","50","50","50","3","47,0","0,94"
"COPIE","Lunatique","213","50","50","50","5","42,6","0,852"
"COPIE","SondeurIntelligent","192","50","50","50","4","48,0","0,96"
"COPIE","Rancunier","150","50","50","50","3","50,0","1,0"
"COPIE","EasyGo","144","50","50","50","3","48,0","0,96"
"COPIE","Casanier","200","50","50","50","4","50,0","1,0"
"COPIE","CycliqueTendanceCasanier","39","50","50","50","1","39,0","0,78"
"COPIE","HardJoss","230","51","51","51","5","46,0","0,9019607843137255"
"COPIE","SondeurIntelligent","359","51","51","51","7","51,285714285714285","1,0056022408963585"
"COPIE","EasyGo","336","51","51","51","7","48,0","0,9411764705882353"
"COPIE","Casanier","324","51","51","51","7","46,285714285714285","0,907563025210084"
"COPIE","CycliqueTendanceFetard","96","51","51","51","2","48,0","0,9411764705882353"
"COPIE","Lunatique","84","51","51","51","2","42,0","0,8235294117647058"
"COPIE","Fetard","144","51","51","51","3","48,0","0,9411764705882353"
"COPIE","SondeurFou","329","51","51","51","7","47,0","0,9215686274509803"
"COPIE","Rancunier","153","51","51","51","3","51,0","1,0"
"COPIE","Pavlovien","141","51","51","51","3","47,0","0,9215686274509803"
"COPIE","MajorMou","50","51","51","51","1","50,0","0,9803921568627451"
"COPIE","Mefiant","188","51","51","51","4","47,0","0,9215686274509803"
"COPIE","Fetard","614","52","52","52","13","47,23076923076923","0,9082840236686391"
"COPIE","HardJoss","85","52","52","52","2","42,5","0,8173076923076923"
"COPIE","Rancunier","247","52","52","52","5","49,4","0,95"
"COPIE","EasyGo","140","52","52","52","3","46,666666666666664","0,8974358974358974"
"COPIE","Casanier","208","52","52","52","4","52,0","1,0"
"COPIE","SondeurIntelligent","348","52","52","52","7","49,714285714285715","0,9560439560439561"
"COPIE","MajorMou","104","52","52","52","2","52,0","1,0"
"COPIE","Lunatique","260","52","52","52","6","43,333333333333336","0,8333333333333334"
"COPIE","SondeurFou","188","52","52","52","4","47,0","0,9038461538461539"
"COPIE","CycliqueTendanceFetard","48","52","52","52","1","48,0","0,9230769230769231"
"COPIE","Pavlovien","188","52","52","52","4","47,0","0,9038461538461539"
"COPIE","Mefiant","47","52","52","52","1","47,0","0,9038461538461539"
"COPIE","EasyGo","256","53","53","53","5","51,2","0,9660377358490566"
"COPIE","HardJoss","255","53","53","53","5","51,0","0,9622641509433962"
"COPIE","Lunatique","238","53","53","53","5","47,6","0,8981132075471698"
"COPIE","SondeurIntelligent","157","53","53","53","3","52,333333333333336","0,9874213836477987"
"COPIE","Rancunier","455","53","53","53","9","50,55555555555556","0,9538784067085955"
"COPIE","Casanier","106","53","53","53","2","53,0","1,0"
"COPIE","MajorMou","153","53","53","53","3","51,0","0,9622641509433962"
"COPIE","Pavlovien","265","53","53","53","5","53,0","1,0"
"COPIE","CycliqueTendanceFetard","108","53","53","53","2","54,0","1,0188679245283019"
"COPIE","Fetard","378","53","53","53","7","54,0","1,0188679245283019"
"COPIE","Mefiant","159","53","53","53","3","53,0","1,0"
"COPIE","SondeurFou","212","53","53","53","4","53,0","1,0"
"COPIE","HardJoss","584","54","54","54","11","53,09090909090909","0,9831649831649832"
"COPIE","Lunatique","154","54","54","54","3","51,333333333333336","0,9506172839506173"
"COPIE","MajorMou","209","54","54","54","4","52,25","0,9675925925925926"
"COPIE","EasyGo","446","54","54","54","8","55,75","1,0324074074074074"
"COPIE","Fetard","116","54","54","54","2","58,0","1,0740740740740742"
"COPIE","Pavlovien","342","54","54","54","6","57,0","1,0555555555555556"
"COPIE","CycliqueTendanceFetard","58","54","54","54","1","58,0","1,0740740740740742"
"COPIE","SondeurFou","228","54","54","54","4","57,0","1,0555555555555556"
"COPIE","CycliqueTendanceCasanier","324","54","54","54","6","54,0","1,0"
"COPIE","Casanier","162","54","54","54","3","54,0","1,0"
"COPIE","SondeurIntelligent","165","54","54","54","3","55,0","1,0185185185185186"
"COPIE","Rancunier","162","54","54","54","3","54,0","1,0"
"COPIE","Rancunier","165","55","55","55","3","55,0","1,0"
"COPIE","HardJoss","369","55","55","55","8","46,125","0,8386363636363636"
"COPIE","EasyGo","336","55","55","55","7","48,0","0,8727272727272727"
"COPIE","Lunatique","238","55","55","55","5","47,6","0,8654545454545455"
"COPIE","Pavlovien","188","55","55","55","4","47,0","0,8545454545454545"
"COPIE","Casanier","330","55","55","55","6","55,0","1,0"
"COPIE","SondeurFou","282","55","55","55","6","47,0","0,8545454545454545"
"COPIE","MajorMou","165","55","55","55","3","55,0","1,0"
"COPIE","Fetard","288","55","55","55","6","48,0","0,8727272727272727"
"COPIE","SondeurIntelligent","236","55","55","55","5","47,2","0,8581818181818183"
"COPIE","CycliqueTendanceCasanier","48","55","55","55","1","48,0","0,8727272727272727"
"COPIE","Mefiant","54","55","55","55","1","54,0","0,9818181818181818"
"COPIE","Fetard","724","56","56","56","14","51,714285714285715","0,923469387755102"
"COPIE","SondeurIntelligent","399","56","56","56","7","57,0","1,0178571428571428"
"COPIE","Pavlovien","228","56","56","56","4","57,0","1,0178571428571428"
"COPIE","Lunatique","272","56","56","56","5","54,4","0,9714285714285714"
"COPIE","HardJoss","314","56","56","56","6","52,333333333333336","0,9345238095238095"
"COPIE","EasyGo","174","56","56","56","3","58,0","1,0357142857142858"
"COPIE","SondeurFou","171","56","56","56","3","57,0","1,0178571428571428"
"COPIE","MajorMou","289","56","56","56","5","57,8","1,032142857142857"
"COPIE","Mefiant","165","56","56","56","3","55,0","0,9821428571428571"
"COPIE","CycliqueTendanceFetard","141","56","56","56","3","47,0","0,8392857142857143"
"COPIE","Rancunier","112","56","56","56","2","56,0","1,0"
"COPIE","CycliqueTendanceCasanier","56","56","56","56","1","56,0","1,0"
"COPIE","Casanier","320","57","57","57","6","53,333333333333336","0,9356725146198831"
"COPIE","Fetard","364","57","57","57","7","52,0","0,9122807017543859"
"COPIE","Lunatique","400","57","57","57","8","50,0","0,8771929824561403"
"COPIE","Pavlovien","255","57","57","57","5","51,0","0,8947368421052632"
"COPIE","Rancunier","114","57","57","57","2","57,0","1,0"
"COPIE","HardJoss","316","57","57","57","6","52,666666666666664","0,9239766081871345"
"COPIE","EasyGo","260","57","57","57","5","52,0","0,9122807017543859"
"COPIE","MajorMou","224","57","57","57","4","56,0","0,9824561403508771"
"COPIE","SondeurFou","153","57","57","57","3","51,0","0,8947368421052632"
"COPIE","SondeurIntelligent","174","57","57","57","3","58,0","1,0175438596491229"
"COPIE","Mefiant","70","57","57","57","2","35,0","0,6140350877192983"
"COPIE","CycliqueTendanceFetard","144","57","57","57","4","36,0","0,631578947368421"
"COPIE","CycliqueTendanceCasanier","98","57","57","57","2","49,0","0,8596491228070176"
"COPIE","HardJoss","365","58","58","58","7","52,142857142857146","0,8990147783251232"
"COPIE","SondeurFou","110","58","58","58","2","55,0","0,9482758620689655"
"COPIE","CycliqueTendanceFetard","706","58","58","58","14","50,42857142857143","0,8694581280788177"
"COPIE","Mefiant","159","58","58","58","3","53,0","0,9137931034482759"
"COPIE","Lunatique","411","58","58","58","8","51,375","0,8857758620689655"
"COPIE","MajorMou","297","58","58","58","5","59,4","1,0241379310344827"
"COPIE","Pavlovien","220","58","58","58","4","55,0","0,9482758620689655"
"COPIE","SondeurIntelligent","413","58","58","58","7","59,0","1,0172413793103448"
"COPIE","EasyGo","56","58","58","58","1","56,0","0,9655172413793104"
"COPIE","Rancunier","295","58","58","58","5","59,0","1,0172413793103448"
"COPIE","Fetard","112","58","58","58","2","56,0","0,9655172413793104"
"COPIE","Fetard","615","59","59","59","9","68,33333333333333","1,15819209039548"
"COPIE","Mefiant","340","59","59","59","5","68,0","1,152542372881356"
"COPIE","HardJoss","644","59","59","59","10","64,4","1,0915254237288137"
"COPIE","SondeurFou","292","59","59","59","4","73,0","1,2372881355932204"
"COPIE","MajorMou","478","59","59","59","8","59,75","1,0127118644067796"
"COPIE","Lunatique","500","59","59","59","8","62,5","1,0593220338983051"
"COPIE","Pavlovien","292","59","59","59","4","73,0","1,2372881355932204"
"COPIE","SondeurIntelligent","180","59","59","59","3","60,0","1,0169491525423728"
"COPIE","CycliqueTendanceCasanier","177","59","59","59","3","59,0","1,0"
"COPIE","Casanier","59","59","59","59","1","59,0","1,0"
"COPIE","Rancunier","180","59","59","59","3","60,0","1,0169491525423728"
"COPIE","EasyGo","74","59","59","59","1","74,0","1,2542372881355932"
"COPIE","Casanier","360","60","60","60","6","60,0","1,0"
"COPIE","EasyGo","290","60","60","60","5","58,0","0,9666666666666667"
"COPIE","HardJoss","502","60","60","60","9","55,77777777777778","0,9296296296296297"
"COPIE","CycliqueTendanceFetard","348","60","60","60","6","58,0","0,9666666666666667"
"COPIE","Fetard","348","60","60","60","6","58,0","0,9666666666666667"
"COPIE","Mefiant","509","60","60","60","9","56,55555555555556","0,9425925925925926"
"COPIE","Lunatique","257","60","60","60","5","51,4","0,8566666666666667"
"COPIE","Rancunier","240","60","60","60","4","60,0","1,0"
"COPIE","Pavlovien","399","60","60","60","7","57,0","0,95"
"COPIE","MajorMou","116","60","60","60","2","58,0","0,9666666666666667"
"COPIE","CycliqueTendanceCasanier","50","60","60","60","1","50,0","0,8333333333333334"
"COPIE","HardJoss","405","61","61","61","7","57,857142857142854","0,9484777517564402"
"COPIE","SondeurFou","305","61","61","61","5","61,0","1,0"
"COPIE","CycliqueTendanceCasanier","244","61","61","61","4","61,0","1,0"
"COPIE","Pavlovien","488","61","61","61","8","61,0","1,0"
"COPIE","Fetard","537","61","61","61","9","59,666666666666664","0,9781420765027322"
"COPIE","MajorMou","183","61","61","61","3","61,0","1,0"
"COPIE","EasyGo","310","61","61","61","5","62,0","1,0163934426229508"
"COPIE","Lunatique","321","61","61","61","6","53,5","0,8770491803278688"
"COPIE","Rancunier","436","61","61","61","8","54,5","0,8934426229508197"
"COPIE","SondeurIntelligent","234","61","61","61","4","58,5","0,9590163934426229"
"COPIE","Casanier","61","61","61","61","1","61,0","1,0"
"COPIE","CycliqueTendanceFetard","44","61","61","61","1","44,0","0,7213114754098361"
"COPIE","CycliqueTendanceCasanier","310","62","62","62","5","62,0","1,0"
"COPIE","Lunatique","792","62","62","62","14","56,57142857142857","0,912442396313364"
"COPIE","SondeurFou","305","62","62","62","5","61,0","0,9838709677419355"
"COPIE","EasyGo","471","62","62","62","8","58,875","0,9495967741935484"
"COPIE","Pavlovien","366","62","62","62","6","61,0","0,9838709677419355"
"COPIE","HardJoss","569","62","62","62","10","56,9","0,917741935483871"
"COPIE","Rancunier","248","62","62","62","4","62,0","1,0"
"COPIE","Casanier","248","62","62","62","4","62,0","1,0"
"COPIE","Fetard","186","62","62","62","3","62,0","1,0"
"COPIE","SondeurIntelligent","63","62","62","62","1","63,0","1,0161290322580645"
"COPIE","Mefiant","62","62","62","62","1","62,0","1,0"
"COPIE","MajorMou","61","62","62","62","1","61,0","0,9838709677419355"
"COPIE","Rancunier","219","63","63","63","4","54,75","0,8690476190476191"
"COPIE","SondeurIntelligent","320","63","63","63","5","64,0","1,0158730158730158"
"COPIE","Fetard","369","63","63","63","10","36,9","0,5857142857142857"
"COPIE","HardJoss","226","63","63","63","6","37,666666666666664","0,5978835978835978"
"COPIE","Mefiant","120","63","63","63","4","30,0","0,47619047619047616"
"COPIE","Pavlovien","259","63","63","63","7","37,0","0,5873015873015873"
"COPIE","EasyGo","304","63","63","63","8","38,0","0,6031746031746031"
"COPIE","SondeurFou","74","63","63","63","2","37,0","0,5873015873015873"
"COPIE","Casanier","189","63","63","63","3","63,0","1,0"
"COPIE","Lunatique","96","63","63","63","2","48,0","0,7619047619047619"
"COPIE","CycliqueTendanceCasanier","300","63","63","63","5","60,0","0,9523809523809523"
"COPIE","MajorMou","189","63","63","63","3","63,0","1,0"
"COPIE","CycliqueTendanceFetard","164","63","63","63","4","41,0","0,6507936507936508"
"COPIE","EasyGo","796","64","64","64","14","56,857142857142854","0,8883928571428571"
"COPIE","CycliqueTendanceFetard","208","64","64","64","4","52,0","0,8125"
"COPIE","Pavlovien","252","64","64","64","4","63,0","0,984375"
"COPIE","HardJoss","309","64","64","64","5","61,8","0,965625"
"COPIE","MajorMou","176","64","64","64","3","58,666666666666664","0,9166666666666666"
"COPIE","Casanier","448","64","64","64","7","64,0","1,0"
"COPIE","SondeurFou","252","64","64","64","4","63,0","0,984375"
"COPIE","Rancunier","192","64","64","64","3","64,0","1,0"
"COPIE","CycliqueTendanceCasanier","192","64","64","64","3","64,0","1,0"
"COPIE","Mefiant","171","64","64","64","3","57,0","0,890625"
"COPIE","Fetard","256","64","64","64","4","64,0","1,0"
"COPIE","SondeurIntelligent","195","64","64","64","3","65,0","1,015625"
"COPIE","Lunatique","392","64","64","64","7","56,0","0,875"
"COPIE","Rancunier","234","65","65","65","4","58,5","0,9"
"COPIE","HardJoss","480","65","65","65","8","60,0","0,9230769230769231"
"COPIE","SondeurFou","549","65","65","65","9","61,0","0,9384615384615385"
"COPIE","Mefiant","252","65","65","65","7","36,0","0,5538461538461539"
"COPIE","Fetard","303","65","65","65","5","60,6","0,9323076923076923"
"COPIE","EasyGo","248","65","65","65","4","62,0","0,9538461538461539"
"COPIE","Lunatique","454","65","65","65","7","64,85714285714286","0,9978021978021978"
"COPIE","SondeurIntelligent","264","65","65","65","4","66,0","1,0153846153846153"
"COPIE","CycliqueTendanceCasanier","260","65","65","65","4","65,0","1,0"
"COPIE","CycliqueTendanceFetard","270","65","65","65","5","54,0","0,8307692307692308"
"COPIE","Casanier","195","65","65","65","3","65,0","1,0"
"COPIE","MajorMou","132","65","65","65","2","66,0","1,0153846153846153"
"COPIE","Pavlovien","183","65","65","65","3","61,0","0,9384615384615385"
"COPIE","EasyGo","434","66","66","66","7","62,0","0,9393939393939394"
"COPIE","CycliqueTendanceFetard","434","66","66","66","7","62,0","0,9393939393939394"
"COPIE","MajorMou","515","66","66","66","8","64,375","0,9753787878787878"
"COPIE","SondeurIntelligent","365","66","66","66","6","60,833333333333336","0,9217171717171717"
"COPIE","Rancunier","177","66","66","66","3","59,0","0,8939393939393939"
"COPIE","Lunatique","452","66","66","66","8","56,5","0,8560606060606061"
"COPIE","SondeurFou","305","66","66","66","5","61,0","0,9242424242424242"
"COPIE","HardJoss","414","66","66","66","7","59,142857142857146","0,8961038961038962"
"COPIE","Fetard","310","66","66","66","5","62,0","0,9393939393939394"
"COPIE","Pavlovien","244","66","66","66","4","61,0","0,9242424242424242"
"COPIE","Casanier","264","66","66","66","4","66,0","1,0"
"COPIE","Mefiant","122","66","66","66","2","61,0","0,9242424242424242"
"COPIE","Fetard","424","67","67","67","7","60,57142857142857","0,9040511727078892"
"COPIE","SondeurFou","305","67","67","67","5","61,0","0,9104477611940298"
"COPIE","MajorMou","308","67","67","67","5","61,6","0,9194029850746269"
"COPIE","HardJoss","360","67","67","67","6","60,0","0,8955223880597015"
"COPIE","CycliqueTendanceFetard","245","67","67","67","4","61,25","0,914179104477612"
"COPIE","Lunatique","456","67","67","67","8","57,0","0,8507462686567164"
"COPIE","Rancunier","134","67","67","67","2","67,0","1,0"
"COPIE","Pavlovien","366","67","67","67","6","61,0","0,9104477611940298"
"COPIE","Casanier","402","67","67","67","6","67,0","1,0"
"COPIE","SondeurIntelligent","374","67","67","67","6","62,333333333333336","0,9303482587064676"
"COPIE","EasyGo","248","67","67","67","4","62,0","0,9253731343283582"
"COPIE","Mefiant","228","67","67","67","4","57,0","0,8507462686567164"
"COPIE","CycliqueTendanceCasanier","264","67","67","67","4","66,0","0,9850746268656716"
"COPIE","Fetard","751","68","68","68","11","68,27272727272727","1,0040106951871657"
"COPIE","SondeurIntelligent","256","68","68","68","4","64,0","0,9411764705882353"
"COPIE","Lunatique","377","68","68","68","6","62,833333333333336","0,9240196078431373"
"COPIE","MajorMou","265","68","68","68","4","66,25","0,9742647058823529"
"COPIE","Pavlovien","414","68","68","68","6","69,0","1,0147058823529411"
"COPIE","HardJoss","548","68","68","68","8","68,5","1,0073529411764706"
"COPIE","Rancunier","544","68","68","68","8","68,0","1,0"
"COPIE","Mefiant","345","68","68","68","5","69,0","1,0147058823529411"
"COPIE","EasyGo","280","68","68","68","4","70,0","1,0294117647058822"
"COPIE","Casanier","204","68","68","68","3","68,0","1,0"
"COPIE","CycliqueTendanceCasanier","112","68","68","68","2","56,0","0,8235294117647058"
"COPIE","CycliqueTendanceFetard","212","68","68","68","4","53,0","0,7794117647058824"
"COPIE","SondeurFou","207","68","68","68","3","69,0","1,0147058823529411"
"COPIE","CycliqueTendanceFetard","735","69","69","69","11","66,81818181818181","0,9683794466403162"
"COPIE","SondeurFou","426","69","69","69","6","71,0","1,0289855072463767"
"COPIE","Rancunier","611","69","69","69","9","67,88888888888889","0,9838969404186795"
"COPIE","Pavlovien","426","69","69","69","6","71,0","1,0289855072463767"
"COPIE","MajorMou","271","69","69","69","4","67,75","0,9818840579710145"
"COPIE","Casanier","138","69","69","69","2","69,0","1,0"
"COPIE","CycliqueTendanceCasanier","276","69","69","69","4","69,0","1,0"
"COPIE","Mefiant","355","69","69","69","5","71,0","1,0289855072463767"
"COPIE","Fetard","210","69","69","69","3","70,0","1,0144927536231885"
"COPIE","EasyGo","576","69","69","69","8","72,0","1,0434782608695652"
"COPIE","HardJoss","134","69","69","69","2","67,0","0,9710144927536232"
"COPIE","Lunatique","189","69","69","69","3","63,0","0,9130434782608695"
"COPIE","SondeurIntelligent","406","69","69","69","6","67,66666666666667","0,9806763285024155"
"COPIE","Lunatique","248","70","70","70","4","62,0","0,8857142857142857"
"COPIE","HardJoss","905","70","70","70","15","60,333333333333336","0,861904761904762"
"COPIE","CycliqueTendanceFetard","290","70","70","70","5","58,0","0,8285714285714286"
"COPIE","SondeurIntelligent","355","70","70","70","5","71,0","1,0142857142857142"
"COPIE","Pavlovien","335","70","70","70","5","67,0","0,9571428571428572"
"COPIE","EasyGo","733","70","70","70","12","61,083333333333336","0,8726190476190476"
"COPIE","SondeurFou","402","70","70","70","6","67,0","0,9571428571428572"
"COPIE","MajorMou","190","70","70","70","3","63,333333333333336","0,9047619047619048"
"COPIE","Fetard","272","70","70","70","4","68,0","0,9714285714285714"
"COPIE","Rancunier","280","70","70","70","4","70,0","1,0"
"COPIE","CycliqueTendanceCasanier","350","70","70","70","5","70,0","1,0"
"COPIE","Casanier","140","70","70","70","2","70,0","1,0"
"COPIE","Fetard","1062","71","71","71","16","66,375","0,9348591549295775"
"COPIE","EasyGo","504","71","71","71","7","72,0","1,0140845070422535"
"COPIE","SondeurFou","568","71","71","71","8","71,0","1,0"
"COPIE","HardJoss","398","71","71","71","6","66,33333333333333","0,9342723004694835"
"COPIE","MajorMou","695","71","71","71","10","69,5","0,9788732394366197"
"COPIE","Pavlovien","355","71","71","71","5","71,0","1,0"
"COPIE","CycliqueTendanceFetard","385","71","71","71","7","55,0","0,7746478873239436"
"COPIE","Lunatique","135","71","71","71","2","67,5","0,9507042253521126"
"COPIE","SondeurIntelligent","288","71","71","71","4","72,0","1,0140845070422535"
"COPIE","Casanier","355","71","71","71","5","71,0","1,0"
"COPIE","CycliqueTendanceCasanier","56","71","71","71","1","56,0","0,7887323943661971"
"COPIE","Casanier","265","72","72","72","4","66,25","0,9201388888888888"
"COPIE","HardJoss","650","72","72","72","10","65,0","0,9027777777777778"
"COPIE","CycliqueTendanceFetard","300","72","72","72","5","60,0","0,8333333333333334"
"COPIE","Rancunier","432","72","72","72","6","72,0","1,0"
"COPIE","Lunatique","388","72","72","72","6","64,66666666666667","0,8981481481481483"
"COPIE","SondeurFou","325","72","72","72","5","65,0","0,9027777777777778"
"COPIE","Mefiant","245","72","72","72","5","49,0","0,6805555555555556"
"COPIE","Pavlovien","520","72","72","72","8","65,0","0,9027777777777778"
"COPIE","SondeurIntelligent","700","72","72","72","10","70,0","0,9722222222222222"
"COPIE","Fetard","396","72","72","72","6","66,0","0,9166666666666666"
"COPIE","EasyGo","396","72","72","72","6","66,0","0,9166666666666666"
"COPIE","MajorMou","71","72","72","72","1","71,0","0,9861111111111112"
"COPIE","HardJoss","678","73","73","73","10","67,8","0,9287671232876712"
"COPIE","Mefiant","520","73","73","73","8","65,0","0,8904109589041096"
"COPIE","EasyGo","831","73","73","73","12","69,25","0,9486301369863014"
"COPIE","Rancunier","370","73","73","73","5","74,0","1,0136986301369864"
"COPIE","CycliqueTendanceCasanier","438","73","73","73","6","73,0","1,0"
"COPIE","Casanier","511","73","73","73","7","73,0","1,0"
"COPIE","Pavlovien","284","73","73","73","4","71,0","0,9726027397260274"
"COPIE","MajorMou","359","73","73","73","5","71,8","0,9835616438356164"
"COPIE","Lunatique","465","73","73","73","7","66,42857142857143","0,9099804305283757"
"COPIE","SondeurFou","213","73","73","73","3","71,0","0,9726027397260274"
"COPIE","SondeurIntelligent","148","73","73","73","2","74,0","1,0136986301369864"
"COPIE","Fetard","288","73","73","73","4","72,0","0,9863013698630136"
"COPIE","Mefiant","444","74","74","74","6","74,0","1,0"
"COPIE","Rancunier","666","74","74","74","9","74,0","1,0"
"COPIE","HardJoss","1084","74","74","74","16","67,75","0,9155405405405406"
"COPIE","Lunatique","191","74","74","74","3","63,666666666666664","0,8603603603603603"
"COPIE","EasyGo","360","74","74","74","5","72,0","0,972972972972973"
"COPIE","SondeurIntelligent","281","74","74","74","4","70,25","0,9493243243243243"
"COPIE","CycliqueTendanceCasanier","213","74","74","74","3","71,0","0,9594594594594594"
"COPIE","Pavlovien","639","74","74","74","9","71,0","0,9594594594594594"
"COPIE","MajorMou","220","74","74","74","3","73,33333333333333","0,990990990990991"
"COPIE","SondeurFou","142","74","74","74","2","71,0","0,9594594594594594"
"COPIE","CycliqueTendanceFetard","225","74","74","74","3","75,0","1,0135135135135136"
"COPIE","Fetard","648","74","74","74","9","72,0","0,972972972972973"
"COPIE","Casanier","148","74","74","74","2","74,0","1,0"
"COPIE","Lunatique","353","75","75","75","5","70,6","0,9413333333333332"
"COPIE","Fetard","914","75","75","75","13","70,3076923076923","0,9374358974358974"
"COPIE","Rancunier","600","75","75","75","8","75,0","1,0"
"COPIE","MajorMou","76","75","75","75","1","76,0","1,0133333333333334"
"COPIE","EasyGo","380","75","75","75","5","76,0","1,0133333333333334"
"COPIE","HardJoss","625","75","75","75","9","69,44444444444444","0,9259259259259259"
"COPIE","Casanier","375","75","75","75","5","75,0","1,0"
"COPIE","Pavlovien","675","75","75","75","9","75,0","1,0"
"COPIE","SondeurIntelligent","532","75","75","75","7","76,0","1,0133333333333334"
"COPIE","SondeurFou","525","75","75","75","7","75,0","1,0"
"COPIE","Mefiant","252","75","75","75","4","63,0","0,84"
"COPIE","CycliqueTendanceCasanier","126","75","75","75","2","63,0","0,84"
"COPIE","MajorMou","823","76","76","76","11","74,81818181818181","0,9844497607655501"
"COPIE","Rancunier","380","76","76","76","5","76,0","1,0"
"COPIE","HardJoss","604","76","76","76","9","67,11111111111111","0,8830409356725146"
"COPIE","Lunatique","346","76","76","76","5","69,2","0,9105263157894737"
"COPIE","SondeurIntelligent","364","76","76","76","5","72,8","0,9578947368421052"
"COPIE","CycliqueTendanceCasanier","232","76","76","76","4","58,0","0,7631578947368421"
"COPIE","Pavlovien","201","76","76","76","3","67,0","0,881578947368421"
"COPIE","Fetard","408","76","76","76","6","68,0","0,8947368421052632"
"COPIE","SondeurFou","268","76","76","76","4","67,0","0,881578947368421"
"COPIE","EasyGo","408","76","76","76","6","68,0","0,8947368421052632"
"COPIE","Mefiant","550","76","76","76","10","55,0","0,7236842105263158"
"COPIE","CycliqueTendanceFetard","408","76","76","76","6","68,0","0,8947368421052632"
"COPIE","Casanier","152","76","76","76","2","76,0","1,0"
"COPIE","Fetard","545","77","77","77","8","68,125","0,8847402597402597"
"COPIE","SondeurIntelligent","806","77","77","77","11","73,27272727272727","0,9515938606847697"
"COPIE","EasyGo","350","77","77","77","5","70,0","0,9090909090909091"
"COPIE","HardJoss","70","77","77","77","1","70,0","0,9090909090909091"
"COPIE","SondeurFou","690","77","77","77","10","69,0","0,8961038961038961"
"COPIE","Mefiant","552","77","77","77","8","69,0","0,8961038961038961"
"COPIE","Pavlovien","414","77","77","77","6","69,0","0,8961038961038961"
"COPIE","CycliqueTendanceCasanier","550","77","77","77","7","78,57142857142857","1,0204081632653061"
"COPIE","Rancunier","616","77","77","77","8","77,0","1,0"
"COPIE","Casanier","231","77","77","77","3","77,0","1,0"
"COPIE","CycliqueTendanceFetard","390","77","77","77","6","65,0","0,8441558441558441"
"COPIE","Lunatique","206","77","77","77","3","68,66666666666667","0,8917748917748919"
"COPIE","MajorMou","77","77","77","77","1","77,0","1,0"
"COPIE","Mefiant","844","78","78","78","11","76,72727272727273","0,9836829836829838"
"COPIE","SondeurIntelligent","221","78","78","78","3","73,66666666666667","0,9444444444444445"
"COPIE","Rancunier","156","78","78","78","2","78,0","1,0"
"COPIE","CycliqueTendanceFetard","731","78","78","78","9","81,22222222222223","1,0413105413105415"
"COPIE","Lunatique","430","78","78","78","6","71,66666666666667","0,9188034188034189"
"COPIE","SondeurFou","405","78","78","78","5","81,0","1,0384615384615385"
"COPIE","Fetard","976","78","78","78","12","81,33333333333333","1,0427350427350426"
"COPIE","HardJoss","620","78","78","78","8","77,5","0,9935897435897436"
"COPIE","MajorMou","686","78","78","78","9","76,22222222222223","0,9772079772079773"
"COPIE","EasyGo","492","78","78","78","6","82,0","1,0512820512820513"
"COPIE","Pavlovien","405","78","78","78","5","81,0","1,0384615384615385"
"COPIE","Casanier","156","78","78","78","2","78,0","1,0"
"COPIE","MajorMou","591","79","79","79","8","73,875","0,935126582278481"
"COPIE","HardJoss","947","79","79","79","13","72,84615384615384","0,9221032132424537"
"COPIE","SondeurFou","525","79","79","79","7","75,0","0,9493670886075949"
"COPIE","CycliqueTendanceFetard","408","79","79","79","6","68,0","0,8607594936708861"
"COPIE","Pavlovien","450","79","79","79","6","75,0","0,9493670886075949"
"COPIE","SondeurIntelligent","438","79","79","79","6","73,0","0,9240506329113924"
"COPIE","Fetard","677","79","79","79","9","75,22222222222223","0,9521800281293953"
"COPIE","Mefiant","324","79","79","79","6","54,0","0,6835443037974683"
"COPIE","Lunatique","421","79","79","79","6","70,16666666666667","0,8881856540084389"
"COPIE","Rancunier","474","79","79","79","6","79,0","1,0"
"COPIE","Casanier","237","79","79","79","3","79,0","1,0"
"COPIE","EasyGo","228","79","79","79","3","76,0","0,9620253164556962"
"COPIE","Fetard","776","80","80","80","10","77,6","0,97"
"COPIE","CycliqueTendanceCasanier","438","80","80","80","6","73,0","0,9125"
"COPIE","HardJoss","594","80","80","80","8","74,25","0,928125"
"COPIE","Pavlovien","711","80","80","80","9","79,0","0,9875"
"COPIE","SondeurFou","711","80","80","80","9","79,0","0,9875"
"COPIE","SondeurIntelligent","548","80","80","80","7","78,28571428571429","0,9785714285714286"
"COPIE","EasyGo","240","80","80","80","3","80,0","1,0"
"COPIE","Casanier","880","80","80","80","11","80,0","1,0"
"COPIE","Rancunier","480","80","80","80","6","80,0","1,0"
"COPIE","Lunatique","212","80","80","80","3","70,66666666666667","0,8833333333333334"
"COPIE","Mefiant","237","80","80","80","3","79,0","0,9875"
"COPIE","CycliqueTendanceFetard","400","80","80","80","5","80,0","1,0"
"COPIE","EasyGo","850","81","81","81","11","77,27272727272727","0,9539842873176205"
"COPIE","Fetard","762","81","81","81","10","76,2","0,9407407407407408"
"COPIE","Pavlovien","462","81","81","81","6","77,0","0,9506172839506173"
"COPIE","Rancunier","810","81","81","81","10","81,0","1,0"
"COPIE","Lunatique","920","81","81","81","13","70,76923076923077","0,8736942070275404"
"COPIE","SondeurFou","462","81","81","81","6","77,0","0,9506172839506173"
"COPIE","CycliqueTendanceCasanier","243","81","81","81","3","81,0","1,0"
"COPIE","Casanier","567","81","81","81","7","81,0","1,0"
"COPIE","Mefiant","444","81","81","81","6","74,0","0,9135802469135802"
"COPIE","HardJoss","313","81","81","81","4","78,25","0,9660493827160493"
"COPIE","SondeurIntelligent","373","81","81","81","5","74,6","0,9209876543209876"
"COPIE","Fetard","480","82","82","82","6","80,0","0,975609756097561"
"COPIE","HardJoss","850","82","82","82","11","77,27272727272727","0,942350332594235"
"COPIE","Pavlovien","948","82","82","82","12","79,0","0,9634146341463414"
"COPIE","SondeurFou","474","82","82","82","6","79,0","0,9634146341463414"
"COPIE","Lunatique","656","82","82","82","9","72,88888888888889","0,8888888888888888"
"COPIE","Casanier","246","82","82","82","3","82,0","1,0"
"COPIE","CycliqueTendanceCasanier","246","82","82","82","3","82,0","1,0"
"COPIE","SondeurIntelligent","769","82","82","82","10","76,9","0,9378048780487805"
"COPIE","MajorMou","410","82","82","82","5","82,0","1,0"
"COPIE","EasyGo","400","82","82","82","5","80,0","0,975609756097561"
"COPIE","Mefiant","474","82","82","82","6","79,0","0,9634146341463414"
"COPIE","Rancunier","492","82","82","82","6","82,0","1,0"
"COPIE","SondeurFou","1402","83","83","83","9","155,77777777777777","1,8768406961178046"
"COPIE","SondeurIntelligent","574","83","83","83","7","82,0","0,9879518072289156"
"COPIE","Casanier","415","83","83","83","5","83,0","1,0"
"COPIE","Lunatique","871","83","83","83","7","124,42857142857143","1,4991394148020654"
"COPIE","Fetard","1476","83","83","83","9","164,0","1,9759036144578312"
"COPIE","Rancunier","820","83","83","83","10","82,0","0,9879518072289156"
"COPIE","CycliqueTendanceCasanier","744","83","83","83","6","124,0","1,4939759036144578"
"COPIE","EasyGo","1476","83","83","83","9","164,0","1,9759036144578312"
"COPIE","MajorMou","171","83","83","83","2","85,5","1,0301204819277108"
"COPIE","HardJoss","629","83","83","83","4","157,25","1,894578313253012"
"COPIE","CycliqueTendanceFetard","861","83","83","83","7","123,0","1,4819277108433735"
"COPIE","Pavlovien","990","83","83","83","6","165,0","1,9879518072289157"
"COPIE","Mefiant","166","83","83","83","2","83,0","1,0"
"COPIE","EasyGo","778","84","84","84","10","77,8","0,9261904761904761"
"COPIE","Lunatique","620","84","84","84","8","77,5","0,9226190476190477"
"COPIE","HardJoss","1248","84","84","84","16","78,0","0,9285714285714286"
"COPIE","Pavlovien","729","84","84","84","9","81,0","0,9642857142857143"
"COPIE","SondeurFou","486","84","84","84","6","81,0","0,9642857142857143"
"COPIE","SondeurIntelligent","255","84","84","84","3","85,0","1,0119047619047619"
"COPIE","Fetard","410","84","84","84","5","82,0","0,9761904761904762"
"COPIE","Rancunier","672","84","84","84","8","84,0","1,0"
"COPIE","MajorMou","493","84","84","84","6","82,16666666666667","0,9781746031746033"
"COPIE","Casanier","504","84","84","84","6","84,0","1,0"
"COPIE","Mefiant","162","84","84","84","2","81,0","0,9642857142857143"
"COPIE","CycliqueTendanceFetard","204","84","84","84","3","68,0","0,8095238095238095"
"COPIE","CycliqueTendanceCasanier","144","84","84","84","2","72,0","0,8571428571428571"
"COPIE","EasyGo","855","85","85","85","10","85,5","1,0058823529411764"
"COPIE","Casanier","680","85","85","85","8","85,0","1,0"
"COPIE","MajorMou","1256","85","85","85","15","83,73333333333333","0,9850980392156863"
"COPIE","SondeurFou","680","85","85","85","8","85,0","1,0"
"COPIE","HardJoss","632","85","85","85","8","79,0","0,9294117647058824"
"COPIE","Pavlovien","595","85","85","85","7","85,0","1,0"
"COPIE","Fetard","258","85","85","85","3","86,0","1,011764705882353"
"COPIE","Mefiant","510","85","85","85","6","85,0","1,0"
"COPIE","CycliqueTendanceFetard","774","85","85","85","9","86,0","1,011764705882353"
"COPIE","Rancunier","425","85","85","85","5","85,0","1,0"
"COPIE","Lunatique","222","85","85","85","3","74,0","0,8705882352941177"
"COPIE","CycliqueTendanceCasanier","85","85","85","85","1","85,0","1,0"
"COPIE","SondeurIntelligent","172","85","85","85","2","86,0","1,011764705882353"
"COPIE","EasyGo","641","86","86","86","8","80,125","0,9316860465116279"
"COPIE","Fetard","500","86","86","86","6","83,33333333333333","0,9689922480620154"
"COPIE","MajorMou","427","86","86","86","5","85,4","0,9930232558139536"
"COPIE","SondeurIntelligent","605","86","86","86","7","86,42857142857143","1,004983388704319"
"COPIE","Mefiant","522","86","86","86","6","87,0","1,0116279069767442"
"COPIE","Lunatique","547","86","86","86","7","78,14285714285714","0,9086378737541527"
"COPIE","Casanier","860","86","86","86","10","86,0","1,0"
"COPIE","SondeurFou","1131","86","86","86","13","87,0","1,0116279069767442"
"COPIE","Rancunier","516","86","86","86","6","86,0","1,0"
"COPIE","CycliqueTendanceFetard","440","86","86","86","5","88,0","1,0232558139534884"
"COPIE","HardJoss","722","86","86","86","9","80,22222222222223","0,9328165374677003"
"COPIE","Pavlovien","174","86","86","86","2","87,0","1,0116279069767442"
"COPIE","CycliqueTendanceCasanier","134","86","86","86","2","67,0","0,7790697674418605"
"COPIE","HardJoss","2314","87","87","87","27","85,70370370370371","0,985100042571307"
"COPIE","MajorMou","881","87","87","87","10","88,1","1,0126436781609194"
"COPIE","CycliqueTendanceFetard","550","87","87","87","6","91,66666666666667","1,053639846743295"
"COPIE","Lunatique","671","87","87","87","8","83,875","0,9640804597701149"
"COPIE","SondeurIntelligent","616","87","87","87","7","88,0","1,0114942528735633"
"COPIE","SondeurFou","558","87","87","87","6","93,0","1,0689655172413792"
"COPIE","EasyGo","376","87","87","87","4","94,0","1,0804597701149425"
"COPIE","Pavlovien","558","87","87","87","6","93,0","1,0689655172413792"
"COPIE","Fetard","282","87","87","87","3","94,0","1,0804597701149425"
"COPIE","Rancunier","261","87","87","87","3","87,0","1,0"
"COPIE","Casanier","522","87","87","87","6","87,0","1,0"
"COPIE","CycliqueTendanceCasanier","80","87","87","87","1","80,0","0,9195402298850575"
"COPIE","Fetard","868","88","88","88","10","86,8","0,9863636363636363"
"COPIE","SondeurIntelligent","768","88","88","88","9","85,33333333333333","0,9696969696969696"
"COPIE","Rancunier","704","88","88","88","8","88,0","1,0"
"COPIE","Casanier","264","88","88","88","3","88,0","1,0"
"COPIE","SondeurFou","609","88","88","88","7","87,0","0,9886363636363636"
"COPIE","MajorMou","345","88","88","88","4","86,25","0,9801136363636364"
"COPIE","EasyGo","440","88","88","88","5","88,0","1,0"
"COPIE","Pavlovien","435","88","88","88","5","87,0","0,9886363636363636"
"COPIE","HardJoss","677","88","88","88","8","84,625","0,9616477272727273"
"COPIE","CycliqueTendanceFetard","880","88","88","88","10","88,0","1,0"
"COPIE","Mefiant","522","88","88","88","6","87,0","0,9886363636363636"
"COPIE","CycliqueTendanceCasanier","704","88","88","88","8","88,0","1,0"
"COPIE","Lunatique","391","88","88","88","5","78,2","0,8886363636363637"
"COPIE","SondeurIntelligent","1025","89","89","89","12","85,41666666666667","0,9597378277153559"
"COPIE","EasyGo","198","89","89","89","3","66,0","0,7415730337078652"
"COPIE","CycliqueTendanceCasanier","585","89","89","89","9","65,0","0,7303370786516854"
"COPIE","Rancunier","356","89","89","89","4","89,0","1,0"
"COPIE","HardJoss","1039","89","89","89","16","64,9375","0,7296348314606742"
"COPIE","CycliqueTendanceFetard","810","89","89","89","9","90,0","1,0112359550561798"
"COPIE","Mefiant","455","89","89","89","13","35,0","0,39325842696629215"
"COPIE","Lunatique","775","89","89","89","10","77,5","0,8707865168539326"
"COPIE","SondeurFou","195","89","89","89","3","65,0","0,7303370786516854"
"COPIE","Casanier","178","89","89","89","2","89,0","1,0"
"COPIE","Fetard","198","89","89","89","3","66,0","0,7415730337078652"
"COPIE","Pavlovien","325","89","89","89","5","65,0","0,7303370786516854"
"COPIE","Casanier","1080","90","90","90","12","90,0","1,0"
"COPIE","Rancunier","450","90","90","90","5","90,0","1,0"
"COPIE","Pavlovien","735","90","90","90","7","105,0","1,1666666666666667"
"COPIE","Lunatique","554","90","90","90","6","92,33333333333333","1,025925925925926"
"COPIE","Mefiant","540","90","90","90","6","90,0","1,0"
"COPIE","SondeurIntelligent","182","90","90","90","2","91,0","1,011111111111111"
"COPIE","EasyGo","1461","90","90","90","14","104,35714285714286","1,1595238095238096"
"COPIE","SondeurFou","1155","90","90","90","11","105,0","1,1666666666666667"
"COPIE","HardJoss","1267","90","90","90","13","97,46153846153847","1,082905982905983"
"COPIE","MajorMou","90","90","90","90","1","90,0","1,0"
"COPIE","CycliqueTendanceCasanier","419","90","90","90","4","104,75","1,163888888888889"
"COPIE","CycliqueTendanceFetard","435","90","90","90","5","87,0","0,9666666666666667"
"COPIE","Fetard","424","90","90","90","4","106,0","1,1777777777777778"
"COPIE","SondeurIntelligent","1080","91","91","91","12","90,0","0,989010989010989"
"COPIE","Lunatique","1235","91","91","91","15","82,33333333333333","0,9047619047619047"
"COPIE","MajorMou","362","91","91","91","4","90,5","0,9945054945054945"
"COPIE","Mefiant","870","91","91","91","10","87,0","0,9560439560439561"
"COPIE","Fetard","630","91","91","91","7","90,0","0,989010989010989"
"COPIE","Rancunier","698","91","91","91","9","77,55555555555556","0,8522588522588522"
"COPIE","Casanier","364","91","91","91","4","91,0","1,0"
"COPIE","HardJoss","436","91","91","91","5","87,2","0,9582417582417583"
"COPIE","EasyGo","720","91","91","91","8","90,0","0,989010989010989"
"COPIE","Pavlovien","712","91","91","91","8","89,0","0,978021978021978"
"COPIE","SondeurFou","712","91","91","91","8","89,0","0,978021978021978"
"COPIE","CycliqueTendanceCasanier","71","91","91","91","1","71,0","0,7802197802197802"
"COPIE","HardJoss","1078","92","92","92","12","89,83333333333333","0,9764492753623187"
"COPIE","SondeurIntelligent","1023","92","92","92","11","93,0","1,0108695652173914"
"COPIE","SondeurFou","380","92","92","92","4","95,0","1,0326086956521738"
"COPIE","EasyGo","1004","92","92","92","11","91,27272727272727","0,992094861660079"
"COPIE","MajorMou","462","92","92","92","5","92,4","1,0043478260869565"
"COPIE","Lunatique","604","92","92","92","7","86,28571428571429","0,9378881987577641"
"COPIE","CycliqueTendanceFetard","567","92","92","92","6","94,5","1,0271739130434783"
"COPIE","Mefiant","930","92","92","92","10","93,0","1,0108695652173914"
"COPIE","Pavlovien","380","92","92","92","4","95,0","1,0326086956521738"
"COPIE","CycliqueTendanceCasanier","360","92","92","92","4","90,0","0,9782608695652174"
"COPIE","Fetard","768","92","92","92","8","96,0","1,0434782608695652"
"COPIE","Casanier","460","92","92","92","5","92,0","1,0"
"COPIE","Rancunier","460","92","92","92","5","92,0","1,0"
"COPIE","SondeurIntelligent","1264","93","93","93","14","90,28571428571429","0,9708141321044548"
"COPIE","EasyGo","832","93","93","93","8","104,0","1,118279569892473"
"COPIE","MajorMou","367","93","93","93","4","91,75","0,9865591397849462"
"COPIE","Mefiant","624","93","93","93","6","104,0","1,118279569892473"
"COPIE","Casanier","995","93","93","93","11","90,45454545454545","0,9726295210166178"
"COPIE","Fetard","728","93","93","93","7","104,0","1,118279569892473"
"COPIE","HardJoss","614","93","93","93","6","102,33333333333333","1,1003584229390682"
"COPIE","Lunatique","920","93","93","93","10","92,0","0,989247311827957"
"COPIE","SondeurFou","1133","93","93","93","11","103,0","1,10752688172043"
"COPIE","Pavlovien","927","93","93","93","9","103,0","1,10752688172043"
"COPIE","Rancunier","186","93","93","93","2","93,0","1,0"
"COPIE","CycliqueTendanceFetard","228","93","93","93","3","76,0","0,8172043010752689"
"COPIE","CycliqueTendanceCasanier","174","93","93","93","2","87,0","0,9354838709677419"
"COPIE","Fetard","720","94","94","94","8","90,0","0,9574468085106383"
"COPIE","Lunatique","1749","94","94","94","21","83,28571428571429","0,886018237082067"
"COPIE","Rancunier","752","94","94","94","8","94,0","1,0"
"COPIE","HardJoss","1212","94","94","94","14","86,57142857142857","0,9209726443768996"
"COPIE","SondeurFou","445","94","94","94","5","89,0","0,9468085106382979"
"COPIE","EasyGo","630","94","94","94","7","90,0","0,9574468085106383"
"COPIE","Mefiant","712","94","94","94","8","89,0","0,9468085106382979"
"COPIE","SondeurIntelligent","804","94","94","94","9","89,33333333333333","0,9503546099290779"
"COPIE","Pavlovien","445","94","94","94","5","89,0","0,9468085106382979"
"COPIE","Casanier","282","94","94","94","3","94,0","1,0"
"COPIE","MajorMou","376","94","94","94","4","94,0","1,0"
"COPIE","CycliqueTendanceCasanier","158","94","94","94","2","79,0","0,8404255319148937"
"COPIE","Fetard","1051","95","95","95","11","95,54545454545455","1,0057416267942585"
"COPIE","SondeurIntelligent","1344","95","95","95","14","96,0","1,0105263157894737"
"COPIE","Mefiant","970","95","95","95","10","97,0","1,0210526315789474"
"COPIE","MajorMou","780","95","95","95","8","97,5","1,0263157894736843"
"COPIE","HardJoss","955","95","95","95","10","95,5","1,0052631578947369"
"COPIE","SondeurFou","606","95","95","95","6","101,0","1,063157894736842"
"COPIE","EasyGo","714","95","95","95","7","102,0","1,0736842105263158"
"COPIE","Pavlovien","909","95","95","95","9","101,0","1,063157894736842"
"COPIE","Rancunier","483","95","95","95","5","96,6","1,0168421052631578"
"COPIE","Lunatique","886","95","95","95","10","88,6","0,9326315789473684"
"COPIE","CycliqueTendanceCasanier","190","95","95","95","2","95,0","1,0"
"COPIE","Casanier","190","95","95","95","2","95,0","1,0"
"COPIE","CycliqueTendanceFetard","81","95","95","95","1","81,0","0,8526315789473684"
"COPIE","Mefiant","558","96","96","96","6","93,0","0,96875"
"COPIE","Lunatique","255","96","96","96","3","85,0","0,8854166666666666"
"COPIE","HardJoss","844","96","96","96","9","93,77777777777777","0,9768518518518517"
"COPIE","EasyGo","1033","96","96","96","11","93,9090909090909","0,9782196969696969"
"COPIE","SondeurIntelligent","735","96","96","96","8","91,875","0,95703125"
"COPIE","Pavlovien","776","96","96","96","8","97,0","1,0104166666666667"
"COPIE","Casanier","1056","96","96","96","11","96,0","1,0"
"COPIE","SondeurFou","873","96","96","96","9","97,0","1,0104166666666667"
"COPIE","CycliqueTendanceFetard","1176","96","96","96","12","98,0","1,0208333333333333"
"COPIE","Rancunier","480","96","96","96","5","96,0","1,0"
"COPIE","Fetard","980","96","96","96","10","98,0","1,0208333333333333"
"COPIE","MajorMou","381","96","96","96","4","95,25","0,9921875"
"COPIE","HardJoss","2176","97","97","97","22","98,9090909090909","1,0196813495782568"
"COPIE","Pavlovien","981","97","97","97","9","109,0","1,1237113402061856"
"COPIE","SondeurIntelligent","980","97","97","97","10","98,0","1,0103092783505154"
"COPIE","Mefiant","840","97","97","97","8","105,0","1,0824742268041236"
"COPIE","MajorMou","1198","97","97","97","12","99,83333333333333","1,029209621993127"
"COPIE","SondeurFou","545","97","97","97","5","109,0","1,1237113402061856"
"COPIE","Lunatique","700","97","97","97","7","100,0","1,0309278350515463"
"COPIE","EasyGo","929","97","97","97","9","103,22222222222223","1,0641466208476518"
"COPIE","Rancunier","509","97","97","97","5","101,8","1,0494845360824743"
"COPIE","Fetard","440","97","97","97","4","110,0","1,134020618556701"
"COPIE","Casanier","291","97","97","97","3","97,0","1,0"
"COPIE","CycliqueTendanceCasanier","291","97","97","97","3","97,0","1,0"
"COPIE","SondeurIntelligent","1240","98","98","98","13","95,38461538461539","0,9733124018838305"
"COPIE","Pavlovien","981","98","98","98","9","109,0","1,1122448979591837"
"COPIE","CycliqueTendanceFetard","1014","98","98","98","10","101,4","1,0346938775510204"
"COPIE","SondeurFou","1308","98","98","98","12","109,0","1,1122448979591837"
"COPIE","Casanier","686","98","98","98","7","98,0","1,0"
"COPIE","MajorMou","483","98","98","98","5","96,6","0,9857142857142857"
"COPIE","HardJoss","735","98","98","98","7","105,0","1,0714285714285714"
"COPIE","Rancunier","784","98","98","98","8","98,0","1,0"
"COPIE","EasyGo","880","98","98","98","8","110,0","1,1224489795918366"
"COPIE","Lunatique","950","98","98","98","10","95,0","0,9693877551020408"
"COPIE","Mefiant","660","98","98","98","6","110,0","1,1224489795918366"
"COPIE","Fetard","330","98","98","98","3","110,0","1,1224489795918366"
"COPIE","CycliqueTendanceFetard","981","99","99","99","10","98,1","0,9909090909090909"
"COPIE","Pavlovien","606","99","99","99","6","101,0","1,02020202020202"
"COPIE","Rancunier","99","99","99","99","1","99,0","1,0"
"COPIE","MajorMou","992","99","99","99","10","99,2","1,002020202020202"
"COPIE","Casanier","1188","99","99","99","12","99,0","1,0"
"COPIE","SondeurFou","909","99","99","99","9","101,0","1,02020202020202"
"COPIE","Lunatique","685","99","99","99","7","97,85714285714286","0,9884559884559885"
"COPIE","Mefiant","693","99","99","99","11","63,0","0,6363636363636364"
"COPIE","HardJoss","501","99","99","99","5","100,2","1,0121212121212122"
"COPIE","CycliqueTendanceCasanier","608","99","99","99","8","76,0","0,7676767676767676"
"COPIE","Fetard","918","99","99","99","9","102,0","1,0303030303030303"
"COPIE","SondeurIntelligent","500","99","99","99","5","100,0","1,0101010101010102"
"COPIE","EasyGo","612","99","99","99","6","102,0","1,0303030303030303"
"COPIE","CycliqueTendanceFetard","1287","100","100","100","13","99,0","0,99"
"COPIE","HardJoss","1281","100","100","100","13","98,53846153846153","0,9853846153846153"
"COPIE","SondeurIntelligent","707","100","100","100","7","101,0","1,01"
"COPIE","Mefiant","1089","100","100","100","11","99,0","0,99"
"COPIE","Lunatique","460","100","100","100","5","92,0","0,92"
"COPIE","SondeurFou","505","100","100","100","5","101,0","1,01"
"COPIE","Rancunier","909","100","100","100","9","101,0","1,01"
"COPIE","Casanier","600","100","100","100","6","100,0","1,0"
"COPIE","Fetard","816","100","100","100","8","102,0","1,02"
"COPIE","Pavlovien","606","100","100","100","6","101,0","1,01"
"COPIE","EasyGo","408","100","100","100","4","102,0","1,02"
"COPIE","CycliqueTendanceCasanier","700","100","100","100","7","100,0","1,0"
"COPIE","MajorMou","603","100","100","100","6","100,5","1,005"
"COPIE","CycliqueTendanceFetard","2","1","1","1","1","2,0","2,0"
"COPIE","HardJoss","1682","101","101","101","16","105,125","1,0408415841584158"
"COPIE","SondeurIntelligent","918","101","101","101","9","102,0","1,00990099009901"
"COPIE","MajorMou","1230","101","101","101","12","102,5","1,0148514851485149"
"COPIE","Mefiant","864","101","101","101","8","108,0","1,0693069306930694"
"COPIE","Pavlovien","333","101","101","101","3","111,0","1,099009900990099"
"COPIE","Fetard","995","101","101","101","9","110,55555555555556","1,0946094609460946"
"COPIE","Lunatique","2057","101","101","101","21","97,95238095238095","0,9698255539839697"
"COPIE","Rancunier","408","101","101","101","4","102,0","1,00990099009901"
"COPIE","EasyGo","448","101","101","101","4","112,0","1,108910891089109"
"COPIE","SondeurFou","999","101","101","101","9","111,0","1,099009900990099"
"COPIE","Casanier","202","101","101","101","2","101,0","1,0"
"COPIE","CycliqueTendanceCasanier","264","101","101","101","3","88,0","0,8712871287128713"
"COPIE","CycliqueTendanceFetard","92","101","101","101","1","92,0","0,9108910891089109"
"COPIE","HardJoss","4190","201","201","201","23","182,17391304347825","0,9063378758382002"
"COPIE","SondeurIntelligent","2728","201","201","201","14","194,85714285714286","0,9694385216773277"
"COPIE","CycliqueTendanceCasanier","3349","201","201","201","17","197,0","0,9800995024875622"
"COPIE","MajorMou","2589","201","201","201","13","199,15384615384616","0,9908151549942595"
"COPIE","SondeurFou","2992","201","201","201","16","187,0","0,9303482587064676"
"COPIE","EasyGo","4127","201","201","201","22","187,5909090909091","0,933288104929896"
"COPIE","Pavlovien","2618","201","201","201","14","187,0","0,9303482587064676"
"COPIE","CycliqueTendanceFetard","3439","201","201","201","18","191,05555555555554","0,9505251520176893"
"COPIE","Casanier","3417","201","201","201","17","201,0","1,0"
"COPIE","Mefiant","1496","201","201","201","8","187,0","0,9303482587064676"
"COPIE","Lunatique","1804","201","201","201","10","180,4","0,8975124378109453"
"COPIE","Rancunier","2412","201","201","201","12","201,0","1,0"
"COPIE","Fetard","3196","201","201","201","17","188,0","0,9353233830845771"
"COPIE","HardJoss","10807","301","301","301","38","284,39473684210526","0,9448330127644693"
"COPIE","Fetard","12220","301","301","301","43","284,1860465116279","0,9441396894074018"
"COPIE","SondeurIntelligent","10515","301","301","301","35","300,42857142857144","0,9981015662078786"
"COPIE","Mefiant","5346","301","301","301","18","297,0","0,9867109634551495"
"COPIE","Rancunier","5719","301","301","301","19","301,0","1,0"
"COPIE","Pavlovien","6831","301","301","301","23","297,0","0,9867109634551495"
"COPIE","Casanier","6622","301","301","301","22","301,0","1,0"
"COPIE","Lunatique","7627","301","301","301","27","282,48148148148147","0,9384766826627291"
"COPIE","EasyGo","5960","301","301","301","20","298,0","0,9900332225913622"
"COPIE","SondeurFou","8613","301","301","301","29","297,0","0,9867109634551495"
"COPIE","MajorMou","7787","301","301","301","26","299,5","0,9950166112956811"
"COPIE","CycliqueTendanceFetard","268","301","301","301","1","268,0","0,8903654485049833"
"COPIE","SondeurIntelligent","15905","401","401","401","41","387,9268292682927","0,9673985767289095"
"COPIE","HardJoss","21494","401","401","401","58","370,58620689655174","0,9241551294178347"
"COPIE","Mefiant","13124","401","401","401","34","386,0","0,9625935162094763"
"COPIE","Rancunier","11629","401","401","401","29","401,0","1,0"
"COPIE","EasyGo","14662","401","401","401","38","385,8421052631579","0,9621997637485235"
"COPIE","Fetard","10864","401","401","401","28","388,0","0,9675810473815462"
"COPIE","Lunatique","24009","401","401","401","66","363,77272727272725","0,9071639084107912"
"COPIE","MajorMou","10425","401","401","401","26","400,96153846153845","0,9999040859389986"
"COPIE","Pavlovien","9675","401","401","401","25","387,0","0,9650872817955112"
"COPIE","SondeurFou","10836","401","401","401","28","387,0","0,9650872817955112"
"COPIE","Casanier","10025","401","401","401","25","401,0","1,0"
"COPIE","CycliqueTendanceCasanier","906","401","401","401","3","302,0","0,7531172069825436"
"COPIE","EasyGo","34050","501","501","501","69","493,4782608695652","0,9849865486418466"
"COPIE","Lunatique","14810","501","501","501","31","477,741935483871","0,9535767175326766"
"COPIE","Mefiant","22908","501","501","501","46","498,0","0,9940119760479041"
"COPIE","Rancunier","26370","501","501","501","53","497,54716981132077","0,9931081233758897"
"COPIE","SondeurIntelligent","17068","501","501","501","34","502,0","1,001996007984032"
"COPIE","HardJoss","28398","501","501","501","59","481,3220338983051","0,9607226225515072"
"COPIE","SondeurFou","21629","501","501","501","43","503,0","1,003992015968064"
"COPIE","MajorMou","20571","501","501","501","41","501,7317073170732","1,0014604936468527"
"COPIE","Pavlovien","20120","501","501","501","40","503,0","1,003992015968064"
"COPIE","Fetard","18144","501","501","501","36","504,0","1,0059880239520957"
"COPIE","CycliqueTendanceCasanier","13527","501","501","501","27","501,0","1,0"
"COPIE","Casanier","11022","501","501","501","22","501,0","1,0"
"COPIE","MajorMou","23716","601","601","601","39","608,1025641025641","1,0118179103204061"
"COPIE","HardJoss","53314","601","601","601","63","846,2539682539683","1,4080764862794815"
"COPIE","EasyGo","50807","601","601","601","58","875,9827586206897","1,4575420276550577"
"COPIE","Lunatique","30192","601","601","601","41","736,390243902439","1,22527494825697"
"COPIE","Mefiant","23863","601","601","601","49","487,0","0,8103161397670549"
"COPIE","CycliqueTendanceFetard","21672","601","601","601","36","602,0","1,0016638935108153"
"COPIE","SondeurIntelligent","23478","601","601","601","39","602,0","1,0016638935108153"
"COPIE","SondeurFou","43071","601","601","601","49","879,0","1,4625623960066556"
"COPIE","CycliqueTendanceCasanier","45708","601","601","601","52","879,0","1,4625623960066556"
"COPIE","Pavlovien","41313","601","601","601","47","879,0","1,4625623960066556"
"COPIE","Fetard","42202","601","601","601","48","879,2083333333334","1,4629090404880756"
"COPIE","Rancunier","18631","601","601","601","31","601,0","1,0"
"COPIE","Casanier","29449","601","601","601","49","601,0","1,0"
"COPIE","Casanier","37564","701","701","701","54","695,6296296296297","0,9923389866328526"
"COPIE","SondeurIntelligent","30186","701","701","701","43","702,0","1,0014265335235377"
"COPIE","CycliqueTendanceFetard","40626","701","701","701","61","666,0","0,9500713266761769"
"COPIE","EasyGo","33300","701","701","701","50","666,0","0,9500713266761769"
"COPIE","SondeurFou","34580","701","701","701","52","665,0","0,948644793152639"
"COPIE","Fetard","43956","701","701","701","66","666,0","0,9500713266761769"
"COPIE","HardJoss","47859","701","701","701","72","664,7083333333334","0,9482287208749406"
"COPIE","MajorMou","38493","701","701","701","55","699,8727272727273","0,9983919076643756"
"COPIE","Mefiant","18495","701","701","701","45","411,0","0,5863052781740371"
"COPIE","Rancunier","35751","701","701","701","51","701,0","1,0"
"COPIE","Lunatique","42294","701","701","701","63","671,3333333333334","0,9576795054683785"
"COPIE","Pavlovien","33915","701","701","701","51","665,0","0,948644793152639"
"COPIE","CycliqueTendanceCasanier","21964","701","701","701","38","578,0","0,8245363766048502"
"COPIE","SondeurIntelligent","64199","801","801","801","81","792,5802469135803","0,989488448081873"
"COPIE","HardJoss","60736","801","801","801","78","778,6666666666666","0,9721181856013317"
"COPIE","EasyGo","108053","801","801","801","140","771,8071428571428","0,9635544854645978"
"COPIE","SondeurFou","47820","801","801","801","60","797,0","0,9950062421972534"
"COPIE","Fetard","53700","801","801","801","68","789,7058823529412","0,9858999779687156"
"COPIE","CycliqueTendanceFetard","47082","801","801","801","59","798,0","0,9962546816479401"
"COPIE","Pavlovien","42241","801","801","801","53","797,0","0,9950062421972534"
"COPIE","Lunatique","46259","801","801","801","61","758,344262295082","0,9467468942510386"
"COPIE","MajorMou","38449","801","801","801","48","801,0208333333334","1,0000260091552227"
"COPIE","Rancunier","44055","801","801","801","55","801,0","1,0"
"COPIE","CycliqueTendanceCasanier","44055","801","801","801","55","801,0","1,0"
"COPIE","Casanier","34443","801","801","801","43","801,0","1,0"
"COPIE","Lunatique","54619","901","901","901","62","880,9516129032259","0,9777487379614049"
"COPIE","CycliqueTendanceCasanier","71653","901","901","901","79","907,0","1,0066592674805772"
"COPIE","HardJoss","76312","901","901","901","87","877,1494252873563","0,9735287739038361"
"COPIE","SondeurFou","63144","901","901","901","72","877,0","0,9733629300776915"
"COPIE","Pavlovien","47358","901","901","901","54","877,0","0,9733629300776915"
"COPIE","EasyGo","89507","901","901","901","104","860,6442307692307","0,9552100230513104"
"COPIE","MajorMou","60387","901","901","901","67","901,2985074626865","1,0003313068398296"
"COPIE","CycliqueTendanceFetard","57552","901","901","901","66","872,0","0,9678135405105438"
"COPIE","Fetard","64972","901","901","901","74","878,0","0,974472807991121"
"COPIE","SondeurIntelligent","66748","901","901","901","74","902,0","1,0011098779134295"
"COPIE","Mefiant","33796","901","901","901","71","476,0","0,5283018867924528"
"COPIE","Casanier","40545","901","901","901","45","901,0","1,0"
"COPIE","Rancunier","41446","901","901","901","46","901,0","1,0"
"COPIE","HardJoss","91663","1001","1001","1001","93","985,6236559139785","0,9846390168970814"
"COPIE","Lunatique","66565","1001","1001","1001","69","964,7101449275362","0,9637463985290072"
"COPIE","MajorMou","68096","1001","1001","1001","68","1001,4117647058823","1,0004113533525298"
"COPIE","CycliqueTendanceCasanier","81761","1001","1001","1001","82","997,0853658536586","0,9960892765770815"
"COPIE","Mefiant","78000","1001","1001","1001","78","1000,0","0,999000999000999"
"COPIE","Fetard","90674","1001","1001","1001","91","996,4175824175824","0,995422160257325"
"COPIE","EasyGo","82328","1001","1001","1001","82","1004,0","1,002997002997003"
"COPIE","SondeurIntelligent","75150","1001","1001","1001","75","1002,0","1,000999000999001"
"COPIE","SondeurFou","77231","1001","1001","1001","77","1003,0","1,001998001998002"
"COPIE","Pavlovien","74222","1001","1001","1001","74","1003,0","1,001998001998002"
"COPIE","CycliqueTendanceFetard","81486","1001","1001","1001","81","1006,0","1,004995004995005"
"COPIE","Casanier","70070","1001","1001","1001","70","1001,0","1,0"
"COPIE","Rancunier","61061","1001","1001","1001","61","1001,0","1,0"
"COPIE","Pavlovien","101635","1101","1101","1101","87","1168,2183908045977","1,0610521260713874"
"COPIE","Lunatique","107209","1101","1101","1101","97","1105,2474226804125","1,0038577862674045"
"COPIE","HardJoss","189762","1101","1101","1101","169","1122,8520710059172","1,0198474759363463"
"COPIE","SondeurFou","94689","1101","1101","1101","81","1169,0","1,0617620345140781"
"COPIE","MajorMou","54960","1101","1101","1101","50","1099,2","0,9983651226158039"
"COPIE","Fetard","133164","1101","1101","1101","116","1147,9655172413793","1,0426571455416707"
"COPIE","Mefiant","95787","1101","1101","1101","87","1101,0","1,0"
"COPIE","EasyGo","114660","1101","1101","1101","98","1170,0","1,0626702997275204"
"COPIE","Rancunier","92484","1101","1101","1101","84","1101,0","1,0"
"COPIE","CycliqueTendanceFetard","93600","1101","1101","1101","80","1170,0","1,0626702997275204"
"COPIE","SondeurIntelligent","80446","1101","1101","1101","73","1102,0","1,0009082652134422"
"COPIE","Casanier","86979","1101","1101","1101","79","1101,0","1,0"
